"CD_AnnotatedMembers","CD_AnnotatedMembers_Overlap","CD_AnnotatedMembers_Pvalue","CD_AnnotatedMembers_Size","CD_CommunityName","CD_Labeled","CD_MemberList","CD_MemberList_LogSize","CD_MemberList_Size","name","selected","shared name"
,"0.0","0.0","0",,"false","1000 10000 10002 10004 10022 10024 10026 10039 10041 10055 10056 1006 10062 1008 10081 10096 1010 10113 10115 10116 10117 1013 10130 10133 10134 1014 10148 10153 10154 10158 10162 10163 10178 10180 10183 10186 10211 1023 10235 1024 10243 10246 10247 1025 10251 10252 10253 1026 10268 1028 1029 10310 10317 10338 10341 10346 10350 10351 10352 10354 10355 10356 10358 10376 10381 10382 10383 10388 10390 10391 10406 10407 10412 10427 10432 10433 10435 10438 10439 1044 10445 10446 1045 10456 10458 10463 10467 10468 10476 10477 10478 1048 10490 10496 10497 10499 1050 10500 10501 1051 10513 10514 10517 10519 10522 10524 10526 10532 10539 10543 10549 10550 10552 10555 10559 10561 10564 1058 10588 1059 10590 10597 106 10600 10601 10602 10615 10620 10623 10637 10638 10640 10652 10655 10656 10657 10672 10676 10677 10679 10682 10684 10711 10719 10726 1073 1074 1075 10762 10763 10765 1078 10791 10792 10794 10801 10805 10807 10818 10819 10822 10824 10825 10841 10842 10847 10850 10871 10872 10878 10879 10880 10881 10884 10895 10896 10897 10898 1090 10904 10906 10907 10910 10912 10918 10919 1092 10923 10925 10926 1093 10931 10936 10942 10956 10966 10967 10969 1098 10983 10986 10990 10991 10996 11002 11009 1101 11011 11012 11015 11016 11017 11026 11028 11030 11032 11034 11035 11037 1104 11047 1105 11052 11053 11054 11066 1107 11077 11082 1109 11093 11102 11107 11108 11109 11112 11113 11114 11120 11121 11125 11132 11141 11148 11152 1116 11175 11182 11183 11186 11194 11196 11197 11199 11213 11215 11216 11223 11227 11231 11233 1124 11241 1125 11275 11279 11280 11284 11285 11293 113 11318 11325 11328 11372 11379 114 11400 11401 11402 11403 11405 11410 11411 11416 11418 11426 11427 11442 11444 11445 11447 11459 11461 11462 11464 11465 11467 11468 11470 11472 1149 11490 11491 11493 11495 115 1150 11502 1151 11522 11528 1153 11537 11539 1154 11557 11561 11563 11566 1157 11572 11577 11579 11583 11591 11593 11602 11604 11607 11609 11610 11611 11612 11613 11616 11617 11621 11622 11623 11626 11629 11630 11631 11638 11640 11641 11642 11661 11662 11664 11670 11696 11700 11712 11713 11718 11719 1172 11721 11733 11734 1174 11746 11785 11788 11791 11792 11801 11806 11808 11811 11812 11815 11816 11820 11821 11822 11823 11824 11828 11829 11840 11841 11842 11844 1186 11861 11863 11865 11868 1187 11876 11878 11879 11891 11892 11893 11898 11899 11902 11903 11910 11911 11919 11923 11924 11925 11926 11929 11939 1194 11944 11951 11964 11965 11967 11968 11969 11971 11979 11991 12016 12017 12032 12034 12040 12041 12042 12043 12045 12046 12049 12050 12051 12053 12054 12056 12065 12066 12070 12071 12074 12085 12101 12106 12107 12110 12112 12113 12118 12121 12122 12130 12135 12141 12149 12151 12155 12157 12158 12160 12161 12165 12166 1217 12187 12192 12193 122 12212 12213 12235 12247 12248 12252 12256 12260 12262 12263 12266 12268 12286 12287 1229 12290 12291 12296 123 12302 12306 12307 12308 12311 12312 12313 12318 12320 12321 12324 12334 12337 12338 1234 12365 12369 12370 12373 12380 12386 12387 12389 124 12406 12409 12411 12414 12419 12422 12423 12425 12453 12458 12460 12472 12473 12478 1248 12491 12492 12496 12498 12503 12504 12507 12512 1254 12545 12547 12551 12552 12553 12554 1258 12587 12599 12606 12611 12612 12614 12615 12616 12617 12618 12627 12637 12639 12640 12641 12642 12644 12645 1265 12654 12659 12660 12664 12665 1267 12675 12676 12678 12679 12687 12688 12689 12691 12695 12696 12701 12703 12704 12707 12709 12710 12712 12720 12722 12733 12735 12739 12742 12743 12745 12749 12751 12758 12763 1278 12781 12786 12787 12788 1279 12797 12798 128 1280 12801 12802 12803 12806 1281 12842 12849 12851 12852 12860 12861 12863 12865 12866 12868 12874 12884 12885 12887 1289 1292 12927 12928 1293 12930 12938 12940 12968 12971 12980 12981 13 13008 13010 13012 13013 13022 13026 13029 13031 13032 13034 13035 13036 13056 13060 13067 13068 13096 1310 1311 13142 13144 13153 13164 13167 13174 13175 13177 13190 13191 13196 13199 13202 13205 1321 1322 13220 1323 1327 13276 13282 13283 13291 13292 13310 13311 13318 13319 13320 13321 13322 13325 13328 13333 13334 13346 13352 13355 13357 13364 13369 13371 13384 13385 13387 13388 13389 1339 13390 13404 1341 13411 13413 13415 13422 1343 1344 1346 13469 1347 13470 13480 13481 13482 13483 13485 13486 13490 13493 13496 13497 13498 135 1350 13501 13520 13521 13526 13528 13529 1353 13556 13558 1356 13597 13600 13604 13614 13615 13616 13619 13620 13621 13622 13624 13625 13628 13635 13636 13641 13647 13649 13651 13653 13659 13664 13673 13675 13677 13680 13682 13683 13684 13702 13703 13704 13705 13711 13712 13713 13714 13717 1373 13740 13741 13749 1375 1376 1378 13801 13802 13813 13815 1383 13831 13832 13834 13837 13847 13859 1386 13862 13864 13929 13931 13932 13955 13966 13970 13971 13989 13990 13992 13995 13999 14 140 14003 14004 14007 14009 14020 1403 14033 14037 1404 1405 14051 14067 1407 14078 14079 1408 14089 14090 14093 14094 14096 141 14102 14123 14128 14130 14131 14132 14135 14149 14153 14154 14157 14159 14165 14170 14171 14174 14175 14176 14181 14182 142 1425 14265 1427 14282 14286 1430 14302 14308 14316 14317 14319 14324 14325 14337 14338 14339 14340 14344 14345 14346 14351 14353 14357 14358 1436 14369 14370 14371 14372 14373 14374 14376 14377 14379 14383 14384 14385 14403 14414 14419 14424 14430 14431 14485 14496 14497 14498 14499 14500 14502 14512 14534 14540 14541 14542 14543 14547 14550 14552 14558 14559 14560 14562 14599 14600 14606 14615 14616 14619 14620 14621 14627 14628 14638 14639 14647 14648 14652 14661 14662 14664 14667 14690 14691 14698 14707 14709 14710 14711 14746 14747 14763 14766 14767 14770 14771 14781 14807 14808 14809 14818 14834 14840 14841 14842 14843 14844 14845 14854 14864 14865 14868 14869 14870 14872 1488 14886 14894 1490 14924 1493 14932 14933 14952 14967 14969 1497 14970 14972 14976 1498 14982 14983 14985 1499 14990 14991 15003 15005 15006 15007 15010 15066 15073 1508 15081 15082 15108 1511 15123 15125 15126 15127 15144 15145 15148 15150 15154 15159 15160 15161 15163 15166 15170 15171 15172 15173 15175 15181 15182 15184 15186 15187 15188 15189 1519 15191 15192 15194 15195 15196 15197 15198 1520 15200 15205 15206 15208 15209 15214 15217 15218 15221 15227 15235 15244 15245 15246 15247 15248 15249 15250 15251 15252 15253 15258 15259 15300 15301 15305 15306 15311 15316 15321 15322 15325 15329 15353 15357 15358 15365 15366 15372 15374 15382 15383 15384 15386 15387 15388 15395 15396 15399 15400 15401 15409 15413 15414 15415 15416 15418 15419 15420 15422 15423 15435 1545 15455 15457 15477 15478 15479 15485 1549 15495 1550 1551 15516 1552 15523 15524 15528 15538 15552 15553 15559 1556 15562 15568 15571 15572 15580 15582 15583 15585 15589 15596 1560 15600 15608 15609 1561 15614 15616 15617 15623 15624 15625 15626 1563 15641 15642 15657 15659 15663 15664 15665 15666 15667 15668 15669 15678 15681 15682 15683 15685 15687 15688 15695 15706 15708 15712 15714 15715 15717 15718 15770 15774 15784 15786 15793 15799 15800 15802 15805 15814 15816 15821 15824 15829 15846 15847 15850 1588 15880 15882 1589 15891 15898 15899 15905 15907 15911 15912 15913 15917 15920 15931 15933 15935 15938 1594 15941 15942 15943 15947 1595 15951 15959 15960 15961 15962 15971 15972 15973 15974 15977 1599 15998 15999 1600 16006 16010 16011 16013 16014 16015 16020 16022 16032 16039 16040 16041 16042 16056 1606 16065 16067 16068 16070 1608 16083 16084 16087 16091 161 16101 16102 16106 16107 16108 16109 1611 16110 16115 16123 16124 16128 16129 1613 16131 16148 16154 16155 16159 16162 16174 16177 1620 1621 16210 16213 16216 16224 16225 16226 16227 16230 16231 16232 16234 16235 16258 16261 16262 16264 16265 16266 16270 16274 16278 16280 16281 163 16310 16312 16314 16324 16331 16332 16333 16334 16335 16336 16338 16340 16347 16348 16349 16352 16353 16357 16358 16368 16389 16393 164 16414 16415 16429 16433 16469 16470 16471 16475 16482 16483 16484 16485 16486 16495 16496 16498 165 16505 16506 16511 16513 16521 16523 1653 16543 16545 16553 16554 1656 16563 16565 16568 16570 16575 16576 1658 16584 16589 16590 16594 16598 1660 16607 16608 16609 16611 1662 16620 16621 16622 16624 16640 16643 16644 16647 16648 16649 16651 16654 16655 16659 1667 16674 16675 16676 1668 1669 16694 16696 1670 16703 16708 16717 16718 16719 1672 16722 16726 16727 16728 16729 16730 1674 16741 16742 16743 16747 16749 1675 16751 16754 16755 16756 16765 16766 16770 16778 16779 16783 16800 16801 16802 16803 16817 16818 16819 16820 16823 16830 16831 16834 16835 16837 1685 16853 16858 16872 16876 16877 16881 16882 16886 16888 16889 16890 16891 16892 16899 16900 16906 16921 16922 16931 16932 16935 16937 1694 16940 16941 16945 16946 1695 16953 16955 16957 16958 1696 16962 16963 16967 16971 16976 1699 16994 17001 17006 17015 17016 17017 17019 17021 17022 17038 17039 17075 17076 17082 17086 17089 17090 17099 1711 17113 17114 17116 17118 17120 17121 17122 17124 17125 17126 17127 17131 17134 17135 17137 17141 17149 17156 17157 17158 17161 17162 17163 17172 17173 17174 17178 17179 17180 17182 17187 17189 17191 17192 17194 17207 17208 17228 17231 17233 17235 17237 17240 17245 17248 17249 17250 17251 17252 17266 17268 1727 17273 17274 17275 17276 17277 1728 17280 17285 17286 17289 17290 17291 17293 17294 17297 17304 17306 17307 17308 17309 17330 17331 17337 17339 17341 17343 17345 17346 17359 1736 17379 1738 17382 17385 17388 17389 17392 17393 17394 17395 17396 17401 17403 17414 17419 17426 17439 17440 17443 17453 17461 17463 17464 17465 17467 17468 17470 17471 17472 17501 17502 17503 17536 17537 17538 17543 17546 17559 17560 17563 17564 17569 17575 17580 17581 17583 17584 17585 17587 17588 17589 17590 17591 17592 17595 17599 17600 17603 17612 17626 1765 17655 17665 17670 17681 17683 17688 17690 17692 17696 17721 17724 17729 17731 17738 17739 17740 17746 17750 17751 17754 17755 1776 17764 17778 17782 17785 17794 17797 178 17800 17804 17807 17808 17817 17818 17819 1782 17821 17822 17823 17824 17825 17827 17828 17843 17848 17850 17851 17854 17859 17861 17864 17865 1787 17874 17875 17878 17882 17884 179 17911 17918 17923 17924 1793 17932 17933 17934 17935 17936 17937 17939 17944 17950 17951 17953 17956 1796 17968 17979 1798 17981 17984 17986 17988 17990 17991 17992 17994 17997 17999 18000 18001 18003 18008 18013 18030 18032 18034 18036 18037 18042 18051 18052 18065 18066 18067 18088 18091 18094 18095 18097 18098 18102 18105 18109 18122 18125 18126 18140 18141 18142 18143 18144 18145 18151 18152 18154 18156 18158 18159 18160 18161 1817 18171 18174 1818 18182 18183 18185 18189 18193 18194 18195 18196 18208 18209 1821 18210 18215 18217 18218 1822 18222 18225 18227 1823 18231 18233 18234 18235 18237 18238 18245 18246 1825 18250 18256 18271 18275 18276 18278 18279 18282 18283 18286 18288 1829 18297 18299 183 18314 1832 1833 18331 18337 18338 1834 18340 18344 1836 18365 18366 18370 18373 18375 18379 1838 18381 18383 18388 1839 18390 18396 18397 18398 18399 1840 18408 1841 18415 18417 18443 18444 18445 18447 18453 18454 18455 18457 18487 18488 18489 185 18511 18517 18521 18522 18524 1854 18540 18543 18544 18549 1855 18552 18557 18558 18560 18562 1857 18579 1858 18580 18581 18582 18585 18586 18587 1859 18592 18595 18596 18597 1860 18600 18603 18605 18608 18612 18613 18619 1862 18621 18622 18623 18624 18625 18626 18628 18633 18634 18648 18649 18658 18667 18668 18669 18676 18677 18681 18684 18685 18688 187 18719 18720 18721 18723 18724 18736 18739 18741 18742 18743 18745 18746 18751 18757 18758 18764 1877 18771 18772 18778 1878 18782 18783 18784 18788 1879 18790 18791 188 1880 18866 18867 18870 18875 18879 18880 18884 18894 18895 18899 18904 18905 18908 18909 18910 18913 18920 18924 18940 18941 18942 18943 18946 18952 1896 1897 18970 18971 18972 18973 18983 18984 18995 18996 19004 19011 19012 19013 19014 19015 19018 19019 19022 19023 19048 19051 19052 19059 19060 19061 19062 19064 19078 1908 19080 19081 19084 19089 19090 19093 1910 19101 19102 19107 19109 19110 19111 19114 19126 19131 1914 19140 19143 19144 19145 19146 19147 19149 1915 19150 19159 1916 19161 19162 19164 19167 19168 19170 19179 19184 192 19204 19206 19207 19208 19215 19216 19219 19221 19222 19223 19233 19234 19244 19246 19247 19248 19252 19256 19257 19297 193 19301 19313 19314 19316 19324 19325 19340 19350 19351 19355 19356 19358 19378 19379 19380 19383 19387 194 19404 1941 19423 19433 19434 19440 19442 19443 19444 19445 19446 19447 19450 19451 19454 19457 19462 19463 19464 19466 19469 19473 19475 19489 19493 19495 195 19501 19502 19507 19509 19510 19517 19520 19521 19525 19527 19528 19544 19545 19548 19551 19553 19554 19557 19560 19562 19568 19569 19572 19573 19575 19578 1958 19580 19581 19583 19585 19586 1959 19596 19598 19603 19605 19607 19608 19609 19612 19613 1962 19624 1963 19640 19641 19642 19645 19657 1966 1967 19675 19677 19678 1968 19682 19683 19686 19687 1969 19697 197 19703 19705 19707 19710 19711 19712 19723 19724 19738 19739 19741 1976 19781 19783 19784 19791 19800 19801 19806 19807 19808 19809 1981 19810 1982 1983 1985 19865 19866 19870 19871 19877 19879 19880 19881 1989 19890 19892 19895 199 19900 19903 19906 19909 19911 1992 19922 19923 19924 19927 19931 19932 19936 19939 19940 19941 19945 1995 19954 19955 19956 19957 19961 19962 19964 1997 19974 19978 19980 19992 19996 19997 200 20000 20001 20002 20003 20004 20008 2001 20014 2003 20030 20031 20033 20035 2004 20046 20052 20053 20059 20062 20064 20065 20066 20078 20084 20086 20089 2009 2010 20100 20101 20106 20108 20116 20119 20122 20129 20148 20149 20150 20155 20157 20168 20169 20170 20173 20174 20182 20184 20191 20196 20207 20215 20216 20217 20229 20230 20231 20233 20236 20243 20248 20250 20253 20255 20257 20258 20260 20261 20303 20305 20307 20309 20315 20316 20317 20319 20320 20328 20331 20332 20333 20335 20341 20344 20345 20346 20373 20375 20379 20383 20391 20414 2042 20421 20422 20424 20427 2043 20432 20433 20434 20435 2044 2047 20478 20479 20489 2049 20495 205 20511 20513 20515 20517 20519 20526 20528 20532 20533 20534 20536 20537 20538 2054 20543 20547 2055 20550 20552 20553 20554 20557 20558 20560 20562 20567 20568 20569 20574 20576 20587 2059 20595 20597 20599 20613 20616 20618 20620 20635 20636 20641 20644 20645 20647 20650 20654 20660 20662 20663 20664 20667 20668 20683 20702 20707 20716 2072 2073 2074 2075 2076 20765 20766 20772 20774 20775 20776 20779 20780 20781 20782 20783 20787 20792 20793 2080 20803 20805 20806 20807 20808 2081 20813 20827 2085 20850 20853 20854 2087 20879 20883 20884 20886 20892 20893 20902 20914 20915 20924 20925 20926 20934 20940 20942 20943 20947 20949 20952 20953 20954 20956 20959 20960 21012 21016 21017 21018 21024 21027 21028 21029 21030 21031 21032 21048 21051 21075 21089 21090 21100 21101 21125 21130 21131 21142 21144 21149 2115 21152 21154 21156 21157 21158 21159 2116 21162 21165 21167 21169 2117 21171 21177 21178 2118 21184 21187 2119 21190 21191 21194 21195 21199 2120 21203 21205 21206 21220 21221 2123 2124 2127 21281 21287 21288 21289 21293 21297 21303 21309 21310 21313 21314 21315 21316 21317 21321 21322 21324 2133 21333 21339 21340 21341 21344 2136 21379 21386 21389 21390 21391 214 21401 21404 21407 21409 2142 2143 21432 21433 21436 21438 2144 21450 21466 21468 21469 21491 21495 21497 215 21508 21515 21523 21530 21531 21543 21544 21546 21547 21548 21549 2155 21550 21554 21558 21560 21562 21563 21579 21583 21584 21587 21588 21592 21593 21594 21596 21608 21613 21614 21615 21621 21623 21629 21630 21634 21635 21638 21646 2165 21650 21653 21657 21658 21660 21663 21665 21684 2169 21695 21696 21697 21699 21705 21707 21708 21710 21712 21713 21718 21723 21727 21754 21755 21771 21772 21776 21777 21778 21779 21798 21799 21800 21806 21808 21809 21811 21814 21815 21816 2182 21821 21823 21824 21825 21830 21831 21832 2184 21847 21848 2185 21853 21858 2186 21860 21861 21864 21866 2190 21910 21927 21928 21929 2193 21930 21931 21943 21944 21949 21968 21994 21995 21998 22 2200 22000 2201 22018 2202 22021 22023 22028 2203 22031 22032 22046 22048 22051 22074 22075 22082 22083 22087 22088 22100 22105 22108 22109 22110 22119 2212 22129 22144 22147 22149 2215 22177 22184 22188 22189 22190 22197 22199 22203 2222 22224 22225 2223 22233 22235 22239 22242 22244 22245 22246 22253 22254 22265 22269 22275 22278 22283 22284 22285 22290 22299 22309 22311 22312 22318 22319 22320 22321 22324 22325 22336 22366 22369 22371 22372 22375 22376 22377 22378 22379 22381 22382 2239 22393 22394 22395 22404 22415 22421 22423 22426 22428 2243 22433 22435 22436 22439 22457 22462 22463 22464 22466 2247 22476 2248 22483 22487 22489 2249 22493 22497 2250 22502 22503 22504 22507 22523 22527 22528 22530 2255 22555 22556 22574 22577 2259 22598 22599 22601 22603 22605 22609 22610 22611 22618 22620 22621 22644 22645 22691 22692 22693 22696 22699 22719 22720 22721 22722 22725 22726 22727 22728 22729 22730 22734 22738 22741 22744 22746 22748 22758 22765 22766 22770 22771 22778 22779 22790 22791 22793 22798 22806 22811 22815 22816 22826 22827 22830 22831 22832 22834 22836 22837 22839 22848 2287 22876 22879 22887 22888 22890 22891 22894 22899 22900 22901 22903 22917 22920 22927 22929 2293 22937 22938 2295 22951 22953 22954 22961 22964 22966 22975 22976 22979 2298 22980 22989 22990 22993 2303 23038 2304 23051 2306 23063 23064 23066 23068 2307 23084 2309 23092 23093 23094 23095 23096 23099 231 23107 23110 23114 23134 23135 23137 23138 23145 23146 23149 23151 23153 23154 23156 2316 23161 23163 23167 23168 23175 23186 232 23204 23206 23214 23215 23216 23219 23224 23225 23226 23227 23233 23240 23241 23246 23248 23256 2326 23264 23266 23267 2328 2329 23293 23297 23298 23299 23300 23302 23303 23304 23306 2331 2332 2334 23344 23346 2335 23351 23355 23363 2338 23382 23383 23385 23387 2339 23394 2340 23403 23409 2341 23412 23416 23417 23418 23419 2342 23420 23423 23424 23429 23441 23452 23454 23458 23461 23462 23464 23465 23470 23471 23474 23476 23477 2348 23480 23481 23485 23488 23490 23492 2350 23503 23506 23509 23511 23513 23514 2352 23529 23530 2355 23552 23553 23554 23555 23558 23559 2356 23576 23577 23614 23616 23620 23621 23622 23623 23628 23637 23647 23648 23649 23652 23653 23665 23672 23673 23674 2368 23681 23683 23686 23687 23689 23693 23708 23710 23712 23713 23714 23720 23721 23723 23727 23730 23741 23751 23757 23758 23759 23760 23770 23771 23772 23775 23776 23786 238 23805 23806 23809 23810 23811 23812 23836 23841 2385 23855 23856 23858 23859 2386 23863 23864 23866 23870 2388 23880 23881 23883 23896 23901 23907 23909 23910 23912 23915 23916 23918 23920 23939 2394 23943 23944 23945 23946 23950 23967 23968 23970 23986 23989 23991 24 24001 24002 24009 24023 24029 24032 24034 2404 24057 24060 2409 24097 2410 24101 24110 24113 24114 24121 24122 24126 24127 24128 24129 24133 24140 24141 24148 24149 24152 24159 24160 24161 24163 24169 24174 24183 24199 2420 24202 24203 24204 24207 24210 24214 24219 24220 24240 24242 24248 24250 24251 24252 24270 24271 24272 24280 24293 24294 24295 24330 24332 24334 24340 24341 24371 24372 24385 24398 244 24402 24412 2443 24431 24439 24444 24451 24453 24454 24456 24462 24463 24464 24470 24471 24474 24475 24477 24479 24489 2449 24490 24499 245 2450 24503 24504 24506 2451 2452 2455 24559 24568 2457 24575 24578 24582 24583 24587 24589 2459 24592 24593 24594 24595 24597 24601 24614 24615 24616 24617 24620 24640 2465 24696 24699 24705 24706 24708 24713 24718 24722 24726 24728 24731 24732 24733 24734 2474 2475 24753 2476 24762 24765 24781 24814 24816 24819 24820 24833 24835 24841 24845 24846 2485 24852 24860 24861 2487 24870 24877 24878 24885 24888 2490 24924 24932 24939 24942 24943 24944 24955 24957 24959 24960 24961 24970 25 25006 2501 2503 25034 2504 25043 2505 25050 25053 25056 25057 25059 2506 25060 25062 25069 25080 25086 25089 25091 25094 25095 25102 25107 25108 2511 25111 25112 25114 25115 25116 2512 25125 25130 25136 25138 25139 25143 2515 25152 25158 25159 2516 25172 25176 25179 25180 25181 25189 252 25201 25204 25205 25209 25211 25215 25217 25219 25220 25225 25226 25228 25229 25230 25231 25234 25235 25236 25250 25251 2526 2527 25271 25272 25286 25287 25289 253 2530 25304 25316 25319 2532 25321 25346 2535 25354 25358 25359 2536 25378 25379 25382 25383 25387 25388 25396 254 25402 25405 25408 25419 25435 25436 25437 25439 25440 25442 25443 25444 25447 25449 25469 25470 25480 25482 25486 25487 25491 25492 25496 25510 25511 25516 25526 25528 25531 25534 25537 25540 25541 25543 25545 25553 25554 25557 2556 25562 25565 25569 2557 25571 25572 25575 2558 25582 25585 25589 2559 25595 25596 25597 25598 25599 2560 25601 25607 25609 2561 25610 25611 25614 25615 2562 25628 2563 25631 25644 25648 25649 2566 25660 25661 25662 25663 25664 25667 25668 25674 25676 25678 2568 25684 2569 25698 25710 25718 25719 25721 25729 25758 25777 25783 25784 25785 25827 25829 25836 25839 25844 25849 25850 25852 25853 25854 25856 25863 25864 25866 25868 25870 25872 25875 25877 25891 25896 25902 25903 25904 2591 25910 25911 25916 25917 2592 2593 25931 25934 25937 25940 25948 25957 25958 25959 2596 25962 25975 25977 25978 25980 25988 25996 25998 26 260 26004 26005 26006 26013 26019 26020 26021 26022 26023 26038 26039 26042 26044 26048 26051 26058 26059 26065 26067 2607 26088 26092 26098 26100 26102 2611 26127 2613 26130 26132 26138 2614 26141 26157 26159 26167 26168 26170 26171 26173 26176 26178 26180 26181 26190 26191 26193 26194 26196 2620 2621 2622 2623 2624 2630 2654 2655 2656 2661 2664 2666 267 269 27 2710 2712 2713 272 2720 2741 2742 2749 2750 2752 2754 2761 2762 2770 2771 2773 2774 2783 2784 2785 2789 2797 28 2803 2805 2806 281 2810 2823 2826 283 284 2846 2848 2851 2852 2870 2877 2879 2883 29 2912 2915 2917 2922 2926 293 2936 2938 294 2949 2950 2952 2959 2980 2981 2982 2984 299 2991 2993 2997 3006 3007 302 3032 3033 3034 3037 3048 3052 3053 3055 3056 3058 3059 3062 3063 3066 3067 3068 3073 3074 3076 309 3096 3099 3100 3102 3105 3113 3119 312 3136 315 3164 3171 3173 3174 3178 3185 3186 3188 3193 3194 3195 3196 3197 3199 320 3200 3204 3206 3207 3209 321 3228 3231 3239 3243 3265 3279 3280 3283 3286 3291 3292 3293 3297 3310 3312 3316 3321 3323 3345 3347 3362 3372 3377 3383 3386 3387 3388 339 3409 3411 3412 3418 3420 3430 3431 3441 3442 3449 345 3450 3451 3452 3466 348 350 3501 3502 3507 3508 351 3511 3516 352 3522 3524 3526 3532 3534 3547 3553 3561 357 358 3593 3594 3595 3599 360 3607 3618 3630 3631 3632 3633 364 365 3651 3652 3653 3654 3655 3677 3679 3681 3682 3683 3684 3685 369 3716 3718 3719 372 3721 3725 373 3730 3731 374 3743 3744 3748 375 3750 3752 3754 376 3765 3766 3772 3773 379 380 3804 3811 3812 3814 3818 3819 3820 3821 3824 3825 3826 3827 3839 3843 3844 3845 3849 385 3850 3851 3852 3853 3858 3872 3873 3875 3876 3877 3878 3890 3909 3910 3916 3917 392 3922 3927 3937 3939 3944 3946 3948 3953 3955 396 3964 3965 3967 3977 3980 3982 3983 3988 3989 3990 3996 3998 3999 400 4000 4013 4015 4017 4018 4019 4021 4023 4027 403 4032 4033 4034 4036 4037 4038 4040 4046 4051 4052 4068 4069 408 4080 4081 409 410 4102 4103 4104 4106 4110 4115 4116 4117 4125 4128 4135 4138 4139 414 4141 4143 4144 4146 4148 4164 4180 4181 4182 4183 4186 4189 4195 4196 4199 4211 4213 4241 4242 4245 4247 4249 4250 4252 4254 4255 4258 4259 4261 4262 4263 4264 4265 4266 4267 4269 4272 4273 4275 4276 4278 4283 4284 4286 4288 4289 4290 4293 4298 4301 4302 4319 4351 4353 4354 4355 4364 4365 4366 4371 4372 4376 4377 4379 4380 4382 4383 4416 4422 4425 4426 4427 4428 4431 4432 4433 4442 4446 4451 4458 4466 4467 4468 4469 4472 4483 4484 4485 4488 449 4490 4493 4495 45 450 4511 4512 4513 4515 4525 4550 4552 4554 4555 4575 4576 4583 4588 46 4624 4625 4630 4631 4632 4633 4634 4635 4638 4639 4640 4641 4642 4643 4650 4656 4673 4685 4697 4700 4702 4703 4704 4705 4708 4712 4713 4724 4727 4743 4748 4750 4755 4756 4759 4760 4765 4766 4771 4773 4774 4775 4777 4781 4782 4793 4798 4814 4819 482 4822 4825 4826 4828 4834 4835 4836 4846 4847 4868 4870 4875 4877 4878 4896 491 492 495 4952 4954 4955 4958 4959 4960 4966 4967 4975 4983 4988 4989 500 5052 5055 5056 5057 5059 5060 5061 5062 5065 5067 5078 5081 5083 5084 5087 510 5107 5109 5116 5119 5125 5130 5131 5134 5136 5137 5143 5144 5156 5162 5164 5166 5172 5175 5181 5182 5184 5194 5202 5209 5210 5211 5212 5216 5218 5225 5227 5228 523 5230 5231 5232 5233 5240 5241 5246 5251 5255 5256 5257 5259 5260 5261 5262 5266 5267 5268 5271 5287 5302 5346 5352 5353 5355 5359 5360 5361 5363 5364 5365 5366 5367 5385 5387 5392 5395 5400 5402 5404 5406 5407 5408 5409 5411 5412 5413 5415 5417 5425 5427 543 5432 5434 5435 5441 5444 5445 5446 546 5464 5465 5466 5468 5469 547 5477 5478 5479 5481 5483 5485 5486 5488 5490 5492 5497 5503 5505 5510 5511 5519 5529 5533 5541 5542 5543 5545 5546 5547 5548 5555 5564 5570 5571 5575 5577 5578 5579 5597 5601 5602 5605 5606 5608 5621 5622 5626 5629 5631 5632 5634 5636 5639 5655 5656 5659 5660 5661 5667 5668 5672 5673 5674 5695 5697 5698 570 5712 5717 5729 573 5730 5731 5738 5739 574 5740 5767 5769 5771 5773 5774 5787 5794 580 5807 5809 5812 5814 5825 5826 5827 5828 5829 5830 5835 5838 5839 5840 5843 5848 5849 5851 5853 5862 5901 593 5934 5938 5953 5957 5960 5973 598 5993 5995 6008 6009 6010 6012 6023 6024 6030 6031 6033 6037 6039 6056 6064 6072 6073 6075 6076 6077 6078 6079 6081 6082 6094 6095 615 6154 6156 6158 6159 6160 6161 6170 6172 6175 6176 6179 6183 6184 6185 6190 62 6218 6219 6222 6226 6229 624 6264 6265 6266 6271 628 6280 6282 6288 6290 6291 6300 6301 6303 6305 6307 6315 6316 6317 6337 6340 6350 6351 6354 6355 6356 6364 6375 6376 6380 6387 6388 6389 639 6390 6408 6411 6421 6423 6427 6431 6434 6442 6443 6446 6448 6455 6456 6465 6468 6482 6494 65 6503 6506 6512 6513 6524 6525 6527 6529 6530 6532 6533 6534 6535 6538 6541 6543 6544 6556 6558 6575 6576 6579 6583 6610 6611 6626 6627 6628 6629 6631 6632 6635 6638 6641 6642 6648 6666 6667 6669 6675 6700 6701 6702 6703 6706 6707 6708 6709 6711 6724 6726 6732 6735 6737 6738 6744 6746 6748 676 677 6774 6776 6804 6806 6807 6808 6810 6813 6815 6823 6824 6825 6828 6830 6832 6835 6838 6857 6858 6859 6863 6864 6867 6868 6878 6884 6888 6891 6892 6895 6896 6904 6905 6907 6908 6911 6913 6914 6918 6919 6920 6934 6941 6943 6944 6963 6971 6973 70 7007 7010 7011 7013 7014 7015 7023 7024 7025 7026 7038 7039 7042 7045 7046 7050 7053 7055 7058 7069 7071 7072 7087 7088 7090 7091 7093 7094 7095 7096 7098 71 7103 7104 7105 7109 7125 7126 715 7154 717 7188 7194 7197 7204 7206 7209 7245 7246 7247 7264 7265 7267 727 7277 7278 7280 7281 7307 7309 731 7311 7317 7324 733 734 735 7350 7355 7356 7357 7383 7384 7386 74 743 7442 7444 7446 7447 7449 7450 7452 7459 7463 7468 7475 7477 7479 748 7481 7482 7483 7485 749 75 750 7504 7506 751 7510 7511 7515 7522 7523 7524 7525 7533 7534 7536 7541 7542 7543 7546 7563 7572 7573 7578 7579 7584 7585 7586 7588 7590 7592 7594 7595 7596 7597 7601 7602 7603 7615 7625 7632 7635 7636 7637 7638 7645 7647 7648 7650 7689 7695 7712 7713 7715 7716 7717 7718 7719 7725 7726 7727 773 7768 7769 7772 7774 778 78 7801 7802 7807 7811 782 7824 7829 7844 7853 7854 7855 7857 7861 7863 787 7877 7878 7882 7883 7885 7888 7893 7895 7899 7911 7916 7926 7935 7956 7957 7958 7959 7985 7991 7999 80 800 8000 8031 8036 8037 8045 8047 8048 8049 8053 8054 8055 8058 8063 8064 8067 8069 8071 8072 8074 8077 8079 8087 81 811 8116 8118 8122 8128 8134 8146 8147 8148 8150 8151 8153 8155 8156 8157 8161 8177 8178 8179 8184 8185 8187 8193 8195 8198 82 820 8200 8206 8208 8211 8215 8216 8219 822 8222 8224 8231 824 8254 8255 8261 8263 8279 8280 8282 8298 8299 830 8301 8302 8305 8307 8308 831 8310 8312 832 833 8335 8336 834 8340 8349 8352 836 8365 8366 8367 8369 8372 8374 8375 8376 8378 8386 8387 839 8391 8395 8398 8400 8403 8404 8408 8409 8428 8437 844 8441 8442 8443 8446 8448 8449 8452 8457 8458 8471 8472 8474 8475 8476 85 8503 8504 8505 851 8511 8512 8513 8517 8520 8523 8526 853 8530 8534 8538 8541 8547 8549 855 8552 8553 8557 8558 8579 8589 8592 8593 8595 8596 8612 8614 8615 8623 8625 8626 8628 8629 8630 864 8641 8643 866 8666 8669 8671 8672 8676 8678 8680 869 8701 8702 8704 8705 8708 8710 8711 8715 8717 8718 8719 8721 8725 8726 8727 8728 8730 8731 8732 8735 8737 8738 8739 8742 8768 8774 8786 8787 88 880 8801 8807 8811 8815 882 8823 8824 884 885 8851 8854 8857 8862 8864 8868 8869 887 8870 8871 8876 8877 8879 888 8881 8887 8888 8891 890 8916 8920 8922 8925 8928 8932 894 896 8968 8969 8970 8972 8973 8976 8978 899 9017 9018 9020 9021 9023 9025 9026 9027 9030 9037 9038 9039 9053 9066 9074 9075 9082 9090 9092 9093 9094 9095 9098 9099 9103 9124 9125 9126 9127 9128 9130 9133 9135 9138 914 9143 9147 9149 915 9151 9184 9188 9189 9194 920 9207 9208 9209 921 9211 9216 9217 9224 9241 9248 9249 925 9255 9264 9265 9266 9267 9269 9273 9283 93 930 9306 9312 9313 9314 9316 9325 9327 9335 9337 9338 934 9341 9360 937 938 9387 9389 939 9391 9392 9397 9408 941 9413 9414 9417 9419 9426 9432 9433 9439 9441 9450 9458 9459 9471 9482 9483 9485 9486 9488 9491 95 950 9504 951 9511 9514 9517 9518 9522 953 9572 9579 9591 9593 9595 9597 9606 9616 9618 9629 9630 9631 9634 9639 9643 9647 9649 9656 9659 97 9710 9712 9713 9715 9717 9721 9722 9723 9732 9735 9736 9755 9758 9759 9760 9763 9764 9765 9769 9773 9774 9785 98 9800 9829 9831 9832 9862 9863 9865 9867 9869 9870 9871 9889 9890 9892 9893 9895 9907 9913 9915 9921 9922 9924 9937 9943 9944 9946 9959 9962 9964 9968 9974 9979 9980 9983 9984 9986 9987 9988 9993 9994","12.356","5241","C5822","false","C5822"
,"0.0","0.0","0",,"false","10600 10898 1090 10990 11444 11892 12045 12287 12324 124 12472 13067 13493 13496 13831 14176 14181 14319 14746 1499 15170 15198 15455 15617 15663 16128 16589 16659 16801 16937 17075 18052 18067 18094 18141 18788 18791 18875 20000 20257 20258 20261 20645 20663 20806 20827 21613 21944 21968 22377 2255 23256 23264 23302 23394 23653 23665 23758 24002 24219 24722 2503 25597 2789 3056 4213 5465 6158 7281 7307 7324 8365 8376 8732 8870 8876 8888 8978 9017 9023 9631","6.34","81","C5313","false","C5313"
,"0.0","0.0","0",,"false","1006 10096 10819 11661 12149 1339 13864 1519 15209 15580 15625 15669 15917 16010 16155 16210 16393 16414 16495 17086 17090 17135 18790 193 20065 20478 20515 21142 21167 21491 21754 22696 22917 22975 23038 23552 23806 23910 24060 24270 25236 25435 25557 25562 25572 25585 4068 6095 7383 7446 7522 8715 8768 8871 8968 9217 9255 9907 9937 9944 9993","5.931","61","C5314","false","C5314"
,"0.0","0.0","0",,"false","11611 12866 12971 1310 1386 14500 14627 15159 15353 16496 16779 17189 17275 1738 17918 17950 17991 18522 18600 20196 20421 20779 20886 21048 22393 23066 23186 23214 23298 23720 24475 25138 2566 25904 25931 2720 3418 3449 3754 3765 3821 3946 4493 4700 4760 4798 4822 5346 5606 6078 6513 6864 6913 7926 8185 9124 930 9870","5.858","58","C5315","false","C5315"
,"0.0","0.0","0",,"false","10381 12056 13199 1341 135 13813 1408 14357 1436 14599 14647 14991 15479 15816 16332 1674 16837 17393 17559 1776 17827 18032 18331 18344 18736 19204 19206 19568 19940 19945 20004 2001 20064 20331 20344 20373 22830 23204 24332 2474 25034 25516 2713 3633 3772 409 4273 4422 5259 6746 7024 7355 7935 8680 9143 9184","5.807","56","C5316","false","C5316"
,"0.0","0.0","0",,"false","10268 10463 10496 11318 11325 11328 11372 11379 11400 11405 11713 1172 12691 12712 12720 12733 12743 12745 13622 14324 15196 15938 16324 164 17124 17126 17746 17764 1838 19355 20002 21409 21712 22018 25598 25660 25661 25719 25729 26194 3265 3441 375 4138 4139 4247 4250 5674 5698 6455 8726 9325 9491 9659","5.755","54","C5317","false","C5317"
,"0.0","0.0","0",,"false","10004 10352 10439 11899 12425 12687 12803 1311 1321 15596 16213 16335 1685 17114 17306 17592 17843 18275 18366 18920 19167 19387 20052 20383 20489 20636 2075 21075 21089 21156 21727 2200 23409 23863 24870 25217 25234 3873 3983 4182 4433 4673 4952 5125 5240 6703 7088 7546 7625 8134 8520 864 9074","5.728","53","C5318","false","C5318"
,"0.0","0.0","0",,"false","10158 10468 11093 11806 13321 13600 13614 1375 15172 1520 15626 16958 18517 19084 19110 21316 22598 22778 22900 23346 23351 23647 23943 24114 24587 24932 25143 25319 25601 25663 25980 3053 4037 4583 4877 5555 5787 6828 7007 7459 7712 8398 8678 8862 888 9283 9327 9572 9721 9867","5.644","50","C5319","false","C5319"
,"0.0","0.0","0",,"false","11108 11557 11926 12411 12645 12696 13703 13966 14154 14667 15477 15882 15998 16803 1711 17113 18145 18595 19642 20046 20854 21799 2184 22382 23866 24183 25937 26004 2810 3136 3174 3193 3204 3228 3291 3654 3922 4371 5241 5862 6726 6813 7592 7638 7648 7959 8179 9248","5.585","48","C5320","false","C5320"
,"0.0","0.0","0",,"false","10055 12053 12065 12852 13604 14541 14558 15127 15306 15400 15846 16333 17268 17754 18524 1857 18867 19149 19233 19297 1941 20597 21544 22528 22832 23714 24943 25102 25674 3171 3243 3967 4180 4241 5227 5672 639 7015 7125 733 7350 7824 8074 8378 8503 880 8815 9647","5.585","48","C5321","false","C5321"
,"0.0","0.0","0",,"false","10996 1150 11967 1217 12491 12547 13384 14079 14430 14620 15829 1611 16278 20495 21032 21638 2165 21708 21779 22105 22242 22462 22738 22876 23233 24126 24204 24503 24506 24595 24705 24942 25181 25648 25911 269 3944 4878 5184 6033 6533 6629 8128 8155 8643 9974 9988","5.555","47","C5322","false","C5322"
,"0.0","0.0","0",,"false","1101 12165 12722 13497 14496 15108 15205 15382 15666 15667 1594 16717 17125 17464 17590 17854 18042 1897 19093 19603 20003 20184 20303 21031 21315 21718 22290 22770 24330 2607 320 3450 4451 4588 4774 4988 5130 5353 5477 5602 5673 6024 6838 9030 9450 9983","5.524","46","C5323","false","C5323"
,"0.0","0.0","0",,"false","1098 11107 11141 12849 1323 14377 15850 1606 16107 16498 16872 17599 17981 17999 1823 18234 18282 18314 18370 19442 19447 2003 20434 21220 22031 22225 22826 23506 23620 26171 3431 3684 385 4263 4351 4483 5395 5445 6175 6264 6859 7072 7985 8452 9037 9890","5.524","46","C5324","false","C5324"
,"0.0","0.0","0",,"false","10655 10711 10942 1109 11182 11610 11696 11829 12286 12296 12742 13276 13282 13616 15214 15399 15409 17359 18445 18745 18758 18772 19022 1963 20959 21287 21497 22771 23423 23441 23558 26181 396 4302 4469 4625 5529 6421 6971 7247 7264 8224 8305 8475 9126 9459","5.524","46","C5325","false","C5325"
,"0.0","0.0","0",,"false","1059 1073 10791 10919 11125 13705 14165 15435 1545 15600 15608 16039 16485 16644 17821 17884 18160 18161 18381 18399 18540 19686 2010 20335 20536 20538 20599 20668 23529 24032 24568 25996 26098 2750 2917 3034 6031 6154 6156 6219 7069 7725 8064 8547","5.459","44","C5326","false","C5326"
,"0.0","0.0","0",,"false","10354 10895 12212 12664 13528 14067 14628 15191 15206 15657 15715 16177 16475 17233 17800 18158 18905 19078 19080 20086 20427 2074 2081 21100 21293 21317 21563 21772 2202 22746 24271 25565 25872 2664 2936 5107 5116 6030 7094 7504 751 7615 9829","5.426","43","C5327","false","C5327"
,"0.0","0.0","0",,"false","10350 12507 12710 14648 14766 15010 15244 15245 15457 15933 16654 17807 18225 18453 18778 19114 19446 19645 19939 1995 20574 20576 21178 22504 2338 23712 2449 24718 2530 2535 4355 4755 5210 6340 6512 7197 7444 7635 8727 88 9313 9656 9869","5.426","43","C5328","false","C5328"
,"0.0","0.0","0",,"false","10871 12369 12865 13498 13664 14037 15066 15664 15774 16469 16940 17665 17688 1834 18612 19111 19517 19613 20424 22239 22487 22989 23161 24 24121 24252 24734 25378 25891 3411 3826 3858 4428 482 5056 5392 5934 6317 7541 8206 939 9392","5.392","42","C5329","false","C5329"
,"0.0","0.0","0",,"false","10550 11082 11132 11402 12928 12980 14419 14547 14969 16032 17330 17331 18487 20317 20644 20956 2133 22497 22556 22779 2307 23382 23387 23907 24029 24845 25080 25379 2661 3164 4046 4846 5061 5262 5579 6610 6700 8067 8208 824 8824 934","5.392","42","C5330","false","C5330"
,"0.0","0.0","0",,"false","10391 10620 10623 10762 11491 12032 12389 1258 12599 12659 12797 14351 14619 15718 16506 17249 17729 21162 21205 21324 21584 21650 21665 22336 22502 22530 22734 2352 23708 24110 25176 25250 3292 364 5441 6434 7883 894 8976 9075 9483","5.358","41","C5331","false","C5331"
,"0.0","0.0","0",,"false","1347 14924 15166 15582 15972 16953 16994 17472 18250 18940 19090 19356 19475 19707 19992 20191 21930 22644 22790 23727 24001 24149 24582 24583 24835 24860 24959 25228 25934 26005 3197 3990 4575 4635 4759 4782 6160 6641 8047 8589 9417","5.358","41","C5332","false","C5332"
,"0.0","0.0","0",,"false","1078 10983 11968 12618 12709 12868 13144 13371 13711 15413 15418 1662 17116 17180 17341 18109 18154 18365 18443 18634 18658 18667 19741 2115 22149 23306 24470 252 2613 26157 3516 4642 5164 5302 5497 7053 7857 7899 8298 9387","5.322","40","C5333","false","C5333"
,"0.0","0.0","0",,"false","10555 11591 122 1280 13191 13520 14621 15250 15589 16067 16921 17228 17581 17937 19569 19608 20207 20533 21646 21660 21943 22088 22224 22603 23513 3068 352 3524 3996 4641 4825 4836 5631 5851 6530 6707 6911 8037 851 9593","5.322","40","C5334","false","C5334"
,"0.0","0.0","0",,"false","10211 10931 1125 11426 11607 11811 11840 12071 15300 18880 18909 19012 19048 19351 19962 19996 20078 20305 20765 21131 21401 2326 23476 23673 23859 2563 26088 272 2912 380 5767 6266 6737 7475 8055 8215 8310 8437 8526 9486","5.322","40","C5335","false","C5335"
,"0.0","0.0","0",,"false","11241 11472 12496 12679 12851 12981 14540 15659 1653 17182 17692 18174 18894 19961 20108 20562 20635 21847 2212 22887 23293 24955 25758 2952 3372 3595 4164 4382 45 4511 4513 46 570 6179 6830 773 8879 8922 9488","5.285","39","C5336","false","C5336"
,"0.0","0.0","0",,"false","10456 10519 12291 12498 12639 13292 13320 1353 14952 15200 15478 15971 16900 18030 18159 18580 18623 20217 22246 2287 23297 24174 24203 244 25436 26013 2622 2797 3286 3752 4765 6375 7011 727 8457 8702 9314 9913","5.248","38","C5337","false","C5337"
,"0.0","0.0","0",,"false","10081 10476 11284 11664 11844 11923 13036 13291 13490 17006 19528 19551 20547 20792 22190 22577 23224 23477 24412 25158 25440 2879 2997 3185 3420 379 450 4756 4875 6185 6524 6888 7854 7885 8449 8666 9241 9758","5.248","38","C5338","false","C5338"
,"0.0","0.0","0",,"false","11047 13389 15252 15960 15974 16766 16770 16858 17038 17389 17564 17818 18408 18782 19089 19358 19697 19781 20033 20260 21289 23219 23429 23616 23809 23883 24578 25856 26167 4781 5519 5730 6081 6807 6919 7154 7277 9151","5.248","38","C5339","false","C5339"
,"0.0","0.0","0",,"false","10153 10543 10967 11630 11700 12130 12166 12268 13929 14970 16006 16011 16336 16357 20169 20435 20479 21341 21433 22188 22189 22621 22693 22811 22929 22993 23110 23509 23920 25569 25783 7039 7087 950 9517 9629 9943 9984","5.248","38","C5340","false","C5340"
,"0.0","0.0","0",,"false","10039 11572 11964 12049 12763 13636 14346 15977 16347 16694 16696 17118 17382 17465 17739 18065 18097 19244 19340 19605 19609 19865 21630 23107 23989 25668 4724 4960 5408 5510 6810 6963 7103 7452 7584 7769 8374 9732","5.248","38","C5341","false","C5341"
,"0.0","0.0","0",,"false","10376 10652 12263 1229 12884 13801 13999 14932 15253 15325 15685 1588 17825 17911 17984 192 19641 20173 22147 22489 22979 23412 23681 23741 23805 24592 25443 26127 26176 4102 4426 677 750 8063 8122 866 9769","5.209","37","C5342","false","C5342"
,"0.0","0.0","0",,"false","11416 11442 11919 13190 13651 14009 14020 15123 15905 1600 17021 18379 19903 21495 21635 21653 21658 21663 22203 22888 23266 23485 23490 23751 25469 2851 3323 4242 5807 62 6468 7579 8069 811 8222 8787 9964","5.209","37","C5343","false","C5343"
,"0.0","0.0","0",,"false","10549 11053 11148 11785 1186 12085 12365 13013 13411 13597 1508 16722 16726 16876 18605 18719 18866 19954 2055 2059 21158 21800 22372 23403 26190 3280 3409 5769 676 6815 7188 7209 731 7844 8279 896 921","5.209","37","C5344","false","C5344"
,"0.0","0.0","0",,"false","12313 15160 15366 16976 17248 17309 179 18125 1829 18870 19325 1958 19675 1982 20062 20618 20853 2193 22464 22831 23614 23686 23693 24833 25204 26196 3178 4458 4989 543 547 5547 5659 5812 6858 8148 8387","5.209","37","C5345","false","C5345"
,"0.0","0.0","0",,"false","12802 1293 13482 13526 14157 14373 15148 1668 17600 17819 17823 17824 18000 18444 22324 22901 24474 24479 24615 26039 2621 2623 3283 3812 3820 3824 4834 4835 5131 6222 6456 6525 6868 7525 7650 8448 9433","5.209","37","C5346","false","C5346"
,"0.0","0.0","0",,"false","11712 12806 13847 13955 14003 15081 15235 16106 16148 17191 17207 17277 17670 18209 18227 18286 19234 19445 19495 19724 20168 2127 22609 23227 23967 24371 3032 3096 3412 4027 5840 6642 6732 7442 7450 7768 8614","5.209","37","C5347","false","C5347"
,"0.0","0.0","0",,"false","11822 11929 11939 12016 12642 12887 13702 14051 16935 17874 18152 1822 18271 18899 199 19978 21016 21169 21184 21695 2316 2386 2394 2511 3743 3773 4261 5848 6503 6904 7098 7772 839 8523 855 920","5.17","36","C5348","false","C5348"
,"0.0","0.0","0",,"false","1024 10310 12552 1279 13056 14550 14982 15911 15920 15931 15947 15959 15961 16513 1787 1817 18233 18297 1860 18720 1880 19607 21806 24009 24372 24444 283 3466 3725 4135 5233 5366 5402 5505 8579 937","5.17","36","C5349","false","C5349"
,"0.0","0.0","0",,"false","10183 10186 13641 14976 165 16624 17194 18622 19059 1962 20782 21814 22269 23730 24489 24699 24781 2526 293 321 3804 4033 5087 5202 5469 5575 5825 628 6364 6494 6556 6857 7853 884 938 9413","5.17","36","C5350","false","C5350"
,"0.0","0.0","0",,"false","11868 12260 13556 16349 17778 17979 18001 18182 19624 20683 21699 22177 22436 22758 23299 2501 25215 25382 25419 25480 25491 2556 25844 2823 2950 3207 5136 5359 5564 6184 6390 6804 6934 7317 9127 9504","5.17","36","C5351","false","C5351"
,"0.0","0.0","0",,"false","10113 10656 10657 10794 10841 11002 11403 11629 11733 11734 11951 13931 15614 17099 17131 17172 17285 20106 20129 21407 21549 21608 21994 23063 25610 25615 25850 5444 6190 7042 7050 80 8742 9269 9273 9616","5.17","36","C5352","false","C5352"
,"0.0","0.0","0",,"false","11468 11470 14265 15251 16261 16607 17156 17804 18237 19219 19525 20229 20230 20432 21866 22483 23721 23909 2485 3173 3593 3853 392 3927 3937 4638 4775 5218 5230 7095 7601 8710 8718 9138 9522","5.129","35","C5353","false","C5353"
,"0.0","0.0","0",,"false","12318 12786 13369 13673 14369 15150 15395 16227 16545 16906 16946 17297 17583 17738 17861 19800 1992 21149 2295 23051 2340 24057 2443 25111 25219 25977 312 4650 5826 6280 6918 7463 8116 8184 8625","5.129","35","C5354","false","C5354"
,"0.0","0.0","0",,"false","1058 10879 11152 11925 12641 13068 13659 14661 15082 15616 16262 1667 17794 18208 18995 19433 19562 20346 22109 2341 23683 23723 24453 24477 25607 2761 2959 3508 3685 4104 4431 4967 5541 5712 8458","5.129","35","C5355","false","C5355"
,"0.0","0.0","0",,"false","10235 10243 10383 10986 12503 13319 14376 14414 15538 16115 16611 17655 1841 18648 18910 21012 21583 21910 22457 22937 231 2450 2515 25251 2558 2980 2982 345 5434 5578 6774 8049 8053 820 8517","5.129","35","C5356","false","C5356"
,"0.0","0.0","0",,"false","12611 12861 12874 15175 15311 16159 16265 16274 17231 17859 19493 19527 19791 19810 20066 21614 22082 22144 22493 22722 23134 23149 2459 3006 3876 5695 5901 5953 6380 7481 853 9066 9092 9338","5.087","34","C5357","false","C5357"
,"0.0","0.0","0",,"false","1000 11490 12070 13008 14424 14485 16101 16108 16232 1694 17174 17240 1736 17924 1914 19462 20089 20667 22725 23137 23344 2335 2487 25091 25358 25402 302 3052 5605 6288 6702 6711 7246 7586","5.087","34","C5358","false","C5358"
,"0.0","0.0","0",,"false","10390 11186 11213 11878 15365 16931 17396 18557 21101 21546 22046 22415 2532 25537 25877 26138 3007 3561 4697 4766 4870 5143 5175 5361 5411 5503 5843 8231 8282 8352 899 9194 9735","5.044","33","C5359","false","C5359"
,"0.0","0.0","0",,"false","10406 10918 11037 13177 1427 15192 15717 16817 17274 17603 1859 18941 1966 19723 20253 20850 21798 2182 23939 24885 25272 2806 3553 3630 4298 4416 7578 7715 7911 8048 8150 8730 9209","5.044","33","C5360","false","C5360"
,"0.0","0.0","0",,"false","10116 10552 10825 11275 1327 13310 14638 15171 15305 17208 17864 18511 19168 195 20100 20119 20236 21195 21543 21929 22197 22366 22371 23417 2368 25863 25988 2848 3631 4052 6094 6738 7801","5.044","33","C5361","false","C5361"
,"0.0","0.0","0",,"false","10923 11583 11812 11821 11944 14403 1497 15186 16013 16368 16429 16890 17392 18088 18217 18983 1915 19964 21154 21469 21998 23092 2342 23503 24248 2516 25571 25784 26173 2630 2877 6724 7563","5.044","33","C5362","false","C5362"
,"0.0","0.0","0",,"false","10807 10842 11293 11461 12739 13388 14093 1672 16755 17127 17290 18676 19457 20155 20554 21466 21777 22087 22108 22839 22899 23555 23689 25125 25718 4143 4847 5216 6627 6808 7802 8079","5.0","32","C5363","false","C5363"
,"0.0","0.0","0",,"false","1025 1026 13328 13970 15161 15197 1696 17039 17082 1818 18195 18215 19051 19248 20940 20949 21588 22028 22879 23454 25486 3681 4293 4552 4640 491 5739 6039 6176 6303 7126 7882","5.0","32","C5364","false","C5364"
,"0.0","0.0","0",,"false","11924 12106 12247 12311 12675 13387 14534 14559 14639 14691 14841 1550 15898 19927 20952 21125 21705 22048 24280 24398 25437 25896 3827 4283 4425 4442 5835 6408 7278 7695 8595 9979","5.0","32","C5365","false","C5365"
,"0.0","0.0","0",,"false","10590 10822 11604 12160 12306 12308 12606 13501 14004 15814 15935 15942 16083 16216 17932 18276 18558 1968 19809 20001 2076 23145 3890 4289 4515 5365 5773 615 8612 9082 9135 9306","5.0","32","C5366","false","C5366"
,"0.0","0.0","0",,"false","10446 1116 1157 1254 12678 14153 14870 14872 1493 16334 16568 17543 18633 18723 20316 2080 21090 2243 2452 24589 24620 3442 3811 3982 4069 5162 5385 6305 7726 9027 9090 914","5.0","32","C5367","false","C5367"
,"0.0","0.0","0",,"false","10526 10824 11788 13480 14562 14606 14818 15144 15912 18189 19107 19159 19806 19974 21438 21776 22245 22439 22611 23304 24431 245 3345 3430 414 4983 5266 5995 7999 8178 8868 9710","5.0","32","C5368","false","C5368"
,"0.0","0.0","0",,"false","1023 14379 15145 15562 1563 15708 15714 15805 17345 17580 17584 18396 18952 19677 20231 2087 23241 2457 24616 24617 24819 2993 3534 4364 4377 4639 4959 5065 6271 6387 6867 7023","5.0","32","C5369","false","C5369"
,"0.0","0.0","0",,"false","10497 10499 10878 13029 13682 14078 16640 16718 16749 1793 17990 18455 18884 19922 22727 23855 25599 25684 26020 26038 26059 3948 3998 4013 546 5481 5483 5629 8513 8641 8786","4.954","31","C5370","false","C5370"
,"0.0","0.0","0",,"false","10726 1124 11609 1267 13521 14834 1511 15821 16747 1782 18102 18278 18784 19147 19489 19801 22100 23248 23300 24960 3066 357 358 3718 4249 4750 574 65 7511 7991 836","4.954","31","C5371","false","C5371"
,"0.0","0.0","0",,"false","11495 12842 14664 15880 16065 16708 16963 16967 17934 183 1862 1877 19703 19710 20014 2042 20650 22721 23163 23225 24129 3194 3532 3683 3845 4032 5194 5400 5415 6748 9946","4.954","31","C5372","false","C5372"
,"0.0","0.0","0",,"false","10445 10478 11066 13624 140 14781 1658 16675 16765 17017 17161 17304 17721 18587 18972 19404 19682 21594 22275 23945 23986 24122 25321 2591 2926 3721 6023 887 9266 9634","4.907","30","C5373","false","C5373"
,"0.0","0.0","0",,"false","10969 12054 12155 1350 19109 19179 19890 20341 21468 21554 21560 22184 23246 2465 2592 3909 3910 3977 4814 5055 5993 6064 78 8161 8254 8340 9265 9439 953 9987","4.907","30","C5374","false","C5374"
,"0.0","0.0","0",,"false","10684 113 12040 12312 12640 12787 13346 16608 17187 17343 17419 17994 18066 20122 20328 20947 2155 21621 24877 25172 26021 3383 3850 3964 4018 4103 9128 93 9414 9511","4.907","30","C5375","false","C5375"
,"0.0","0.0","0",,"false","10601 11401 11640 13026 13205 13989 14007 14869 15301 1561 18246 18973 19207 19580 20315 20934 22379 25209 25916 260 26023 26051 26100 2710 4376 4484 4708 5794 7025 9712","4.907","30","C5376","false","C5376"
,"0.0","0.0","0",,"false","10000 1149 13684 14089 1425 16234 16433 16570 17251 17337 18283 18373 19301 19557 19871 20557 2073 21634 23064 23841 25286 25526 369 4189 5601 5829 6183 6832 7105 7727","4.907","30","C5377","false","C5377"
,"0.0","0.0","0",,"false","10253 10346 10763 10907 11121 11194 14325 14337 15687 15799 15802 16511 16575 16945 19023 19143 19379 19383 20182 21130 21157 21297 2203 315 5078 5849 6291 7594 7595 8118","4.907","30","C5378","false","C5378"
,"0.0","0.0","0",,"false","11015 11613 12380 13714 14344 14385 14767 17414 17439 1832 18971 19216 20511 20534 2250 24163 25205 25235 25396 2654 339 3730 4383 4743 4748 5621 7717 9335 9713 9755","4.907","30","C5379","false","C5379"
,"0.0","0.0","0",,"false","10358 10388 10458 10539 10615 11011 12074 13469 13971 16754 18783 19612 20552 20553 2085 2143 23355 24454 25086 25180 2568 25785 3099 4468 449 4631 500 8476 9441 9892","4.907","30","C5380","false","C5380"
,"0.0","0.0","0",,"false","10351 10805 10896 10912 11528 11638 1356 14123 16258 16676 1727 19450 19783 20915 21194 21927 22244 2239 22836 22848 22894 25069 25628 2752 4125 6626 6667 6825 6878","4.858","29","C5381","false","C5381"
,"0.0","0.0","0",,"false","10162 11112 11863 12110 13010 13174 13680 13713 14864 14983 17379 17536 19144 19738 23153 23267 23880 2915 2922 5367 5533 6891 7895 8198 8916 8932 9093 9188 9773","4.858","29","C5382","false","C5382"
,"0.0","0.0","0",,"false","1028 1104 11231 11898 12262 13322 13529 1699 17575 17683 17923 18122 18619 18751 18771 19683 21558 21853 22744 2303 24593 25875 5427 7811 7878 8335 8541 8593 9924","4.858","29","C5383","false","C5383"
,"0.0","0.0","0",,"false","1234 12860 12938 13032 13364 17850 19215 20620 21432 21707 21995 22691 22726 22834 22966 23452 23511 23628 25053 25271 25528 25836 3293 403 4036 4115 5134 8505 9341","4.858","29","C5384","false","C5384"
,"0.0","0.0","0",,"false","10130 1248 12644 12688 12701 1403 16230 16331 16649 178 18140 18681 18879 19184 19350 19469 20528 20641 20702 20879 23363 2420 24762 25225 25959 2783 9408 9800","4.807","28","C5385","false","C5385"
,"0.0","0.0","0",,"false","1105 11891 14967 14985 15786 16741 16751 17968 18375 1854 20008 20243 2124 25152 25408 25866 2655 2742 2846 29 3526 3875 3965 495 5622 7855 8928 9458","4.807","28","C5386","false","C5386"
,"0.0","0.0","0",,"false","1153 12370 15523 1608 16834 16853 16899 17339 17501 1765 19711 20248 20307 20660 21199 22299 22309 22620 23135 2451 3679 4148 4183 5060 6010 8087 9862 9863","4.807","28","C5387","false","C5387"
,"0.0","0.0","0",,"false","10719 11032 11034 11109 1174 1405 14707 1498 15524 17245 18340 18764 21177 21562 21830 22074 22433 2712 3033 3048 3511 3547 5838 7091 75 8807 882 95","4.807","28","C5388","false","C5388"
,"0.0","0.0","0",,"false","11791 12545 15329 16084 1620 18457 18724 18739 19060 19131 19581 19997 20954 21321 2169 22376 22791 23991 24295 2614 3310 3677 4466 5938 7689 9133 9895","4.755","27","C5389","false","C5389"
,"0.0","0.0","0",,"false","10910 11746 11820 12422 12749 15528 163 16819 16835 17019 17121 17289 18677 19423 20893 21379 21696 24023 24034 25777 25854 25940 284 3825 6056 6427 9597","4.755","27","C5390","false","C5390"
,"0.0","0.0","0",,"false","1008 11824 12066 12334 12386 12627 13333 13385 16778 16888 18037 18051 18592 19578 19585 20808 21615 21815 2185 22765 23896 2504 593 7893 8369 9360 9922","4.755","27","C5391","false","C5391"
,"0.0","0.0","0",,"false","10247 1151 11563 13404 14374 15414 15891 15913 17385 18299 18743 19687 20595 22032 22903 23674 2410 24294 24706 25998 3321 3843 4488 6301 6465 6823 9018","4.755","27","C5392","false","C5392"
,"0.0","0.0","0",,"false","1014 10435 1044 11792 12112 12478 13647 14698 16123 16831 17440 18398 19150 21027 21823 22748 25057 25902 3917 5209 5717 5809 6943 7090 8774 9485","4.7","26","C5393","false","C5393"
,"0.0","0.0","0",,"false","11199 11861 1404 14747 14933 17463 18552 18904 19324 19464 20567 20613 21547 21550 2190 23968 24220 25179 25553 25554 2562 281 4080 5542 6172 8592","4.7","26","C5394","false","C5394"
,"0.0","0.0","0",,"false","11227 11447 13483 14498 14711 15258 15951 17502 17740 19739 20568 2072 22278 23623 2490 400 4379 5570 6541 6905 7071 8195 8216 834 8471","4.644","25","C5395","false","C5395"
,"0.0","0.0","0",,"false","10500 11464 15784 16352 17546 17589 17997 19808 19870 20532 20662 21860 21931 22369 22466 22837 25159 3231 4705 4773 6411 8261 8549 8823 9639","4.644","25","C5396","false","C5396"
,"0.0","0.0","0",,"false","10801 11617 11719 11902 16521 19146 20148 20517 20526 20647 21029 22265 22394 22699 23622 23870 25229 25698 4023 5485 7449 8630 9893 9986","4.585","24","C5397","false","C5397"
,"0.0","0.0","0",,"false","13470 14317 14552 15571 15585 1825 1855 18579 19140 2009 20215 20772 20775 21333 2527 26193 365 5057 6226 6482 7309 8156 8403 9889","4.585","24","C5398","false","C5398"
,"0.0","0.0","0",,"false","10765 10880 11621 128 14865 15941 16598 16877 17394 17538 18924 19161 214 21831 22728 25112 25978 3113 3851 4353 4372 6558 6920 8312","4.585","24","C5399","false","C5399"
,"0.0","0.0","0",,"false","12968 13311 1488 16264 17308 17401 17797 18741 1879 20059 21548 21629 25107 25439 3076 4258 5182 5608 5771 6675 6895 7386 8211 8972","4.585","24","C5400","false","C5400"
,"0.0","0.0","0",,"false","11801 12373 12665 13096 13142 13740 1407 14128 1430 19657 19784 22476 24113 25006 26 2805 3999 4550 4702 4966 573 8219 8920 9419","4.585","24","C5401","false","C5401"
,"0.0","0.0","0",,"false","10477 10881 11445 12788 18185 19246 19463 20716 20780 21861 22284 22601 22741 23514 3651 3877 4354 5412 5827 6527 6544 7357 7719 9397","4.585","24","C5402","false","C5402"
,"0.0","0.0","0",,"false","12051 12423 12885 14808 15173 15189 15999 18942 19705 20250 21030 2144 21825 25108 2774 3055 3652 3655 3766 3814 6388 6583 7096 9249","4.585","24","C5403","false","C5403"
,"0.0","0.0","0",,"false","1265 15126 16389 16881 17828 17875 18210 1839 19316 20116 21165 21281 23095 23864 25910 25917 3063 3502 4446 5639 6009 6896 9736 9980","4.585","24","C5404","false","C5404"
,"0.0","0.0","0",,"false","10490 10588 16471 16486 16647 18105 20030 22503 2356 24341 24614 2773 3916 4117 4301 4525 5352 5661 5729 6337 6529 6543 8511","4.524","23","C5405","false","C5405"
,"0.0","0.0","0",,"false","12735 14615 1595 17089 17266 17939 18447 1910 19454 20174 21587 2293 24160 24559 25354 3037 4554 5488 6351 7204 8552 8877 9316","4.524","23","C5406","false","C5406"
,"0.0","0.0","0",,"false","1029 1045 11113 114 12302 14308 17273 20787 21017 21723 2348 23836 25050 3819 4290 5166 5287 5597 6265 6631 81 8200 8854","4.524","23","C5407","false","C5407"
,"0.0","0.0","0",,"false","10956 10966 11602 12187 12637 13153 14345 17988 20616 20783 22574 2350 2385 24240 25405 267 5636 6073 6632 8301 8386 9391","4.459","22","C5408","false","C5408"
,"0.0","0.0","0",,"false","10251 10597 1093 11670 11876 17294 17626 17808 19223 1985 21657 2309 23637 25903 25962 3059 4211 6532 7104 8553 9649 9763","4.459","22","C5409","false","C5409"
,"0.0","0.0","0",,"false","10024 12453 14383 14652 17681 18684 19102 19501 19895 20587 20942 21592 22523 23418 23713 25449 2620 3452 3501 3594 6442 9968","4.459","22","C5410","false","C5410"
,"0.0","0.0","0",,"false","10467 10991 12654 13175 14033 16041 19924 20391 20892 21816 22555 24753 2536 25383 25870 2770 2870 3188 5830 6806 9207 9432","4.459","22","C5411","false","C5411"
,"0.0","0.0","0",,"false","11175 12409 12660 14372 15552 16174 20101 21508 23096 23481 25114 25189 26178 2803 2883 3872 4015 5109 6944 7014 7533 9482","4.459","22","C5412","false","C5412"
,"0.0","0.0","0",,"false","10926 12553 13164 13615 13837 15003 15194 15623 16594 16674 17250 18668 21864 25094 2560 26067 2949 3839 4146 4284 9643 9785","4.459","22","C5413","false","C5413"
,"0.0","0.0","0",,"false","10246 10850 11017 11026 17953 18946 19013 19881 23458 24140 24924 4576 4712 4975 5062 6941 7206 748 7485 9389 9426","4.392","21","C5414","false","C5414"
,"0.0","0.0","0",,"false","16348 17395 18582 19247 20781 21771 22375 23419 24097 2559 3849 3988 5225 5543 7010 7093 7506 8000 8728 9312","4.322","20","C5415","false","C5415"
,"0.0","0.0","0",,"false","10412 1048 1278 15125 15516 16543 16553 16563 16565 16743 19004 22235 22798 22964 238 3119 4793 6218 778 8442","4.322","20","C5416","false","C5416"
,"0.0","0.0","0",,"false","11910 12141 15184 16729 19640 2049 23576 23577 23649 24199 24293 25201 25948 3731 5407 580 624 6431 9099 9915","4.322","20","C5417","false","C5417"
,"0.0","0.0","0",,"false","16719 16882 17016 17022 17944 19586 19678 200 20884 24861 24939 492 6708 7013 8151 9020 9021 9208 9471 9722","4.322","20","C5418","false","C5418"
,"0.0","0.0","0",,"false","12107 13635 17235 17848 18091 1833 18757 23559 24456 4467 4819 5172 5181 5435 5731 6316 7863 8177 8596","4.248","19","C5419","false","C5419"
,"0.0","0.0","0",,"false","1343 13653 15416 18008 18625 197 20550 22599 23385 25868 26170 2991 523 5464 7510 7774 8299 8701 8851","4.248","19","C5420","false","C5420"
,"0.0","0.0","0",,"false","1075 12043 12587 13481 13832 13862 16742 16756 18742 22890 232 24402 26044 4195 4380 4896 8737 9095 9098","4.248","19","C5421","false","C5421"
,"0.0","0.0","0",,"false","11233 11865 12118 14090 18397 19955 19980 21832 2249 24814 25541 3316 5957 6077 6611 71 7716 8672 9759","4.248","19","C5422","false","C5422"
,"0.0","0.0","0",,"false","10501 12266 13683 15678 17134 21203 21436 21778 22815 23114 23146 23488 23915 25575 25710 26042 26065 3451 7038","4.248","19","C5423","false","C5423"
,"0.0","0.0","0",,"false","10524 11223 11841 12337 15419 16056 16310 16576 16889 18489 18521 19807 21391 23901 25316 5246 7573 8193","4.17","18","C5424","false","C5424"
,"0.0","0.0","0",,"false","13712 16727 1796 18235 18549 22321 23151 23383 24731 25442 3386 4472 4555 5052 5634 5740 6376 941","4.17","18","C5425","false","C5425"
,"0.0","0.0","0",,"false","11077 14286 14809 14972 17158 17162 17403 20149 20519 21389 22806 22951 22953 23912 23918 23950 25589","4.087","17","C5426","false","C5426"
,"0.0","0.0","0",,"false","1074 14542 17751 18095 18143 185 1858 18649 18943 19573 215 22793 351 3939 4512 6892 8280","4.087","17","C5427","false","C5427"
,"0.0","0.0","0",,"false","11102 14600 16042 16554 1896 19101 19544 21811 22645 23138 25220 5360 6506 715 7829 8973","4.0","16","C5428","false","C5428"
,"0.0","0.0","0",,"false","106 11183 12121 13034 13318 13355 13749 15793 19440 22 22618 24490 25043 25829 25849 8969","4.0","16","C5429","false","C5429"
,"0.0","0.0","0",,"false","12927 15321 15943 16070 16087 1728 18488 19434 22610 23944 24499 5656 6082 8045 8441 9125","4.0","16","C5430","false","C5430"
,"0.0","0.0","0",,"false","11114 13352 13619 16162 18585 18586 19081 20513 22426 24726 25540 27 2771 5417 5655 9103","4.0","16","C5431","false","C5431"
,"0.0","0.0","0",,"false","10026 10532 13220 15005 15316 15372 16022 18685 21152 22083 23470 24148 3955 7524 8504 8721","4.0","16","C5432","false","C5432"
,"0.0","0.0","0",,"false","12695 14497 15383 15420 16955 2047 205 2388 24101 24385 3632 3716 4704 6575 8391 8801","4.0","16","C5433","false","C5433"
,"0.0","0.0","0",,"false","10117 14340 14370 15006 16231 16590 16730 19957 21848 22320 22423 3387 4703 7447 832 9764","4.0","16","C5434","false","C5434"
,"0.0","0.0","0",,"false","13649 15683 19545 19923 20664 21824 22527 25060 25289 25359 3719 5067 6907 8072 8375 9025","4.0","16","C5435","false","C5435"
,"0.0","0.0","0",,"false","10427 11815 11979 12101 13283 1675 16800 20902 20924 2142 23420 23858 24601 2512 3058","3.907","15","C5436","false","C5436"
,"0.0","0.0","0",,"false","10514 14174 14616 17817 18746 22051 22075 2306 24340 24713 25649 25839 299 8446","3.807","14","C5437","false","C5437"
,"0.0","0.0","0",,"false","10640 11631 12614 15247 15495 16505 17426 20255 21450 23786 24970 25534 8925 9264","3.807","14","C5438","false","C5438"
,"0.0","0.0","0",,"false","10677 11030 13704 17015 17453 20560 21314 2136 2186 23946 25611 309 6012 9591","3.807","14","C5439","false","C5439"
,"0.0","0.0","0",,"false","1373 14316 14690 15907 19164 22254 26159 3073 3607 4269 7245 743 749 8031","3.807","14","C5440","false","C5440"
,"0.0","0.0","0",,"false","11493 141 14102 14371 17286 17443 23770 25056 25721 25827 2852 3312 4868 8408","3.807","14","C5441","false","C5441"
,"0.0","0.0","0",,"false","10041 12781 13995 14512 14854 20774 25304 25346 26141 4632 6835 7384 7956","3.7","13","C5442","false","C5442"
,"0.0","0.0","0",,"false","11012 13035 13834 16110 16225 17149 21404 23775 25089 26058 26130 408","3.585","12","C5443","false","C5443"
,"0.0","0.0","0",,"false","11502 11903 12157 12158 15384 17612 18597 19256 22285 24210 510 7645","3.585","12","C5444","false","C5444"
,"0.0","0.0","0",,"false","14709 14807 17001 17569 18013 2044 22421 2404 3618 4490 869 9147","3.585","12","C5445","false","C5445"
,"0.0","0.0","0",,"false","12042 1549 16040 17252 18142 22766 23168 24732 5478 5738 6538 8349","3.585","12","C5446","false","C5446"
,"0.0","0.0","0",,"false","12612 14843 18193 18256 18337 18613 19208 20569 22233 4255 4771 5251","3.585","12","C5447","false","C5447"
,"0.0","0.0","0",,"false","10438 13422 13992 15217 15665 1613 16154 18624 20558 21159 915","3.459","11","C5448","false","C5448"
,"0.0","0.0","0",,"false","12615 13990 15163 15357 16482 16483 17731 18913 6076 7311 8629","3.459","11","C5449","false","C5449"
,"0.0","0.0","0",,"false","12758 15770 21322 22023 23099 4319 4624 5255 5355 6863","3.322","10","C5450","false","C5450"
,"0.0","0.0","0",,"false","11593 15322 16818 18415 20960 23648 4633 6355 7194 7542","3.322","10","C5451","false","C5451"
,"0.0","0.0","0",,"false","13196 15568 17163 1959 22119 22954 3953 4000 9514 9723","3.322","10","C5452","false","C5452"
,"0.0","0.0","0",,"false","11052 13859 1599 16091 17755 20053 22395 26168 4141 9267","3.322","10","C5453","false","C5453"
,"0.0","0.0","0",,"false","12492 16020 1840 19019 22507 24696 4713 6635 6824 9216","3.322","10","C5454","false","C5454"
,"0.0","0.0","0",,"false","10062 12406 16102 16270 16584 17956 18543 20375 22463 3878","3.322","10","C5455","false","C5455"
,"0.0","0.0","0",,"false","14710 15682 16415 17157 19900 23093 7045 7046 8367","3.17","9","C5456","false","C5456"
,"0.0","0.0","0",,"false","11537 15007 17986 21190 23462 23464 25644 2596 6666","3.17","9","C5457","false","C5457"
,"0.0","0.0","0",,"false","11616 14149 14662 16648 19560 22199 23530 3750 8147","3.17","9","C5458","false","C5458"
,"0.0","0.0","0",,"false","11823 13628 15246 16014 20332 23710 4495 6350 8372","3.17","9","C5459","false","C5459"
,"0.0","0.0","0",,"false","12046 14135 17724 17882 19126 25957 25958 8263","3.0","8","C5460","false","C5460"
,"0.0","0.0","0",,"false","12135 15973 19909 21928 23474 2475 24765 3209","3.0","8","C5461","false","C5461"
,"0.0","0.0","0",,"false","18034 1981 19879 25444 5468 5668 6908 8187","3.0","8","C5462","false","C5462"
,"0.0","0.0","0",,"false","12414 14431 18562 20537 20543 21339 24439 3102","3.0","8","C5463","false","C5463"
,"0.0","0.0","0",,"false","18196 23303 24841 4265 4656 5267 5271 7597","3.0","8","C5464","false","C5464"
,"0.0","0.0","0",,"false","11009 11721 12151 15221 20157 21344 22990 23471","3.0","8","C5465","false","C5465"
,"0.0","0.0","0",,"false","13325 14502 15899 20926 23167 3388 3818 6735","3.0","8","C5466","false","C5466"
,"0.0","0.0","0",,"false","10163 12551 1281 17588 18621 24207 25287 3653","3.0","8","C5467","false","C5467"
,"0.0","0.0","0",,"false","11522 12235 22129 23216 25387 2826 8857","2.807","7","C5468","false","C5468"
,"0.0","0.0","0",,"false","10904 11035 12707 14282 17933 5156 7483","2.807","7","C5469","false","C5469"
,"0.0","0.0","0",,"false","11626 12419 16941 19313 19877 21755 3507","2.807","7","C5470","false","C5470"
,"0.0","0.0","0",,"false","17178 19712 21024 23215 2329 24846 8071","2.807","7","C5471","false","C5471"
,"0.0","0.0","0",,"false","123 15559 16962 23240 3980 4727 70","2.807","7","C5472","false","C5472"
,"0.0","0.0","0",,"false","14770 17936 21713 23461 25470 3297 5667","2.807","7","C5473","false","C5473"
,"0.0","0.0","0",,"false","10884 12122 16353 2247 4958 5973 9606","2.807","7","C5474","false","C5474"
,"0.0","0.0","0",,"false","19932 19936 2118 25864 26132 4199 6443","2.807","7","C5475","false","C5475"
,"0.0","0.0","0",,"false","10338 12458 12460 14844 16651 19378 7523","2.807","7","C5476","false","C5476"
,"0.0","0.0","0",,"false","10792 15695 20379 20422 21309 2215 2222","2.807","7","C5477","false","C5477"
,"0.0","0.0","0",,"false","12213 13558 21710 22318 24888 8669 9038","2.807","7","C5478","false","C5478"
,"0.0","0.0","0",,"false","16131 16235 16280 17137 23810 25582 8864","2.807","7","C5479","false","C5479"
,"0.0","0.0","0",,"false","10925 1322 15195 16068 17467 6638","2.585","6","C5480","false","C5480"
,"0.0","0.0","0",,"false","25492 25511 4034 8512 9715 9717","2.585","6","C5481","false","C5481"
,"0.0","0.0","0",,"false","16620 16621 17173 1908 2611 376","2.585","6","C5482","false","C5482"
,"0.0","0.0","0",,"false","10906 1289 1560 21144 4365 8530","2.585","6","C5483","false","C5483"
,"0.0","0.0","0",,"false","16109 16224 21808 24161 2784 5425","2.585","6","C5484","false","C5484"
,"0.0","0.0","0",,"false","10355 13741 1552 2054 8719 9760","2.585","6","C5485","false","C5485"
,"0.0","0.0","0",,"false","12387 19520 19931 23084 23553 23554","2.585","6","C5486","false","C5486"
,"0.0","0.0","0",,"false","11879 21187 21310 21313 26092 4051","2.585","6","C5487","false","C5487"
,"0.0","0.0","0",,"false","1383 1660 23068 25631 25678 3377","2.585","6","C5488","false","C5488"
,"0.0","0.0","0",,"false","11561 16932 19451 22381 6534 9579","2.585","6","C5489","false","C5489"
,"0.0","0.0","0",,"false","10056 13390 2754 5511 7265 7479","2.585","6","C5490","false","C5490"
,"0.0","0.0","0",,"false","12034 17935 2116 9189 9765 9774","2.585","6","C5491","false","C5491"
,"0.0","0.0","0",,"false","19314 19880 25496 25543 26019 26048","2.585","6","C5492","false","C5492"
,"0.0","0.0","0",,"false","10022 13625 17878 24471 4081 4275","2.585","6","C5493","false","C5493"
,"0.0","0.0","0",,"false","15248 17076 17595 19018 8443","2.322","5","C5494","false","C5494"
,"0.0","0.0","0",,"false","11842 1656 21531 4040 5828","2.322","5","C5495","false","C5495"
,"0.0","0.0","0",,"false","10564 15187 2984 8731 8970","2.322","5","C5496","false","C5496"
,"0.0","0.0","0",,"false","14353 14886 2043 2455 6315","2.322","5","C5497","false","C5497"
,"0.0","0.0","0",,"false","1154 12017 12930 17591 8704","2.322","5","C5498","false","C5498"
,"0.0","0.0","0",,"false","11418 161 19583 3105 97","2.322","5","C5499","false","C5499"
,"0.0","0.0","0",,"false","17122 21051 253 4634 5363","2.322","5","C5500","false","C5500"
,"0.0","0.0","0",,"false","11279 17750 22976 25609 9832","2.322","5","C5501","false","C5501"
,"0.0","0.0","0",,"false","19015 19444 25139 5212 6628","2.322","5","C5502","false","C5502"
,"0.0","0.0","0",,"false","21684 21821 22719 22720 24169","2.322","5","C5503","false","C5503"
,"0.0","0.0","0",,"false","11622 1378 15422 3852 7877","2.322","5","C5504","false","C5504"
,"0.0","0.0","0",,"false","17280 19956 24597 2785 3682","2.322","5","C5505","false","C5505"
,"0.0","0.0","0",,"false","18970 2409 3522 4286 4288","2.322","5","C5506","false","C5506"
,"0.0","0.0","0",,"false","11539 15227 16655 18151 782","2.322","5","C5507","false","C5507"
,"0.0","0.0","0",,"false","11662 14094 19014 5960 8705","2.322","5","C5508","false","C5508"
,"0.0","0.0","0",,"false","17782 18231 1989 4106 7515","2.322","5","C5509","false","C5509"
,"0.0","0.0","0",,"false","15396 18238 19064 26180 4777","2.322","5","C5510","false","C5510"
,"0.0","0.0","0",,"false","15182 16728 22319 23424 8153","2.322","5","C5511","false","C5511"
,"0.0","0.0","0",,"false","13202 16703 22253 4128","2.0","4","C5512","false","C5512"
,"0.0","0.0","0",,"false","17192 18222 2505 885","2.0","4","C5513","false","C5513"
,"0.0","0.0","0",,"false","15415 24152 24640 4685","2.0","4","C5514","false","C5514"
,"0.0","0.0","0",,"false","13932 14499 20345 6075","2.0","4","C5515","false","C5515"
,"0.0","0.0","0",,"false","10637 18603 21340 8428","2.0","4","C5516","false","C5516"
,"0.0","0.0","0",,"false","12689 17560 21697 25116","2.0","4","C5517","false","C5517"
,"0.0","0.0","0",,"false","11965 14096 1556 23154","2.0","4","C5518","false","C5518"
,"0.0","0.0","0",,"false","11427 14170 20414 7632","2.0","4","C5519","false","C5519"
,"0.0","0.0","0",,"false","14543 21221 25130 7958","2.0","4","C5520","false","C5520"
,"0.0","0.0","0",,"false","14159 24852 5144 8869","2.0","4","C5521","false","C5521"
,"0.0","0.0","0",,"false","10682 22428 2506 9962","2.0","4","C5522","false","C5522"
,"0.0","0.0","0",,"false","21288 26191 8308 8557","2.0","4","C5523","false","C5523"
,"0.0","0.0","0",,"false","21515 21523 28 7916","2.0","4","C5524","false","C5524"
,"0.0","0.0","0",,"false","18669 19866 25545 8538","2.0","4","C5525","false","C5525"
,"0.0","0.0","0",,"false","17865 24159 4276 717","2.0","4","C5526","false","C5526"
,"0.0","0.0","0",,"false","10341 1292 14840 6648","2.0","4","C5527","false","C5527"
,"0.0","0.0","0",,"false","10936 19509 19510 23687","2.0","4","C5528","false","C5528"
,"0.0","0.0","0",,"false","15668 17293 25614 26006","2.0","4","C5529","false","C5529"
,"0.0","0.0","0",,"false","10679 115 5268 8671","2.0","4","C5530","false","C5530"
,"0.0","0.0","0",,"false","11196 13 19170 7596","2.0","4","C5531","false","C5531"
,"0.0","0.0","0",,"false","13357 25115 25852 8739","2.0","4","C5532","false","C5532"
,"0.0","0.0","0",,"false","11028 21171 22730 5211","2.0","4","C5533","false","C5533"
,"0.0","0.0","0",,"false","12801 15641 19548 5466","2.0","4","C5534","false","C5534"
,"0.0","0.0","0",,"false","15583 17785 18628 24272","2.0","4","C5535","false","C5535"
,"0.0","0.0","0",,"false","2304 360 7602 8307","2.0","4","C5536","false","C5536"
,"0.0","0.0","0",,"false","12113 142 16886 18626","2.0","4","C5537","false","C5537"
,"0.0","0.0","0",,"false","10154 11410 16830 9224","2.0","4","C5538","false","C5538"
,"0.0","0.0","0",,"false","13031 13334 13620 8738","2.0","4","C5539","false","C5539"
,"0.0","0.0","0",,"false","10672 12512 4630 9921","2.0","4","C5540","false","C5540"
,"0.0","0.0","0",,"false","13802 16823 19553 5571","2.0","4","C5541","false","C5541"
,"0.0","0.0","0",,"false","11120 16340 17851 20233","2.0","4","C5542","false","C5542"
,"0.0","0.0","0",,"false","13060 1997 2741","1.585","3","C5543","false","C5543"
,"0.0","0.0","0",,"false","10115 10134 23916","1.585","3","C5544","false","C5544"
,"0.0","0.0","0",,"false","18003 5545 6709","1.585","3","C5545","false","C5545"
,"0.0","0.0","0",,"false","11566 11808 18560","1.585","3","C5546","false","C5546"
,"0.0","0.0","0",,"false","13485 21530 5059","1.585","3","C5547","false","C5547"
,"0.0","0.0","0",,"false","18171 5413 85","1.585","3","C5548","false","C5548"
,"0.0","0.0","0",,"false","23856 24451 4252","1.585","3","C5549","false","C5549"
,"0.0","0.0","0",,"false","21206 23175 25662","1.585","3","C5550","false","C5550"
,"0.0","0.0","0",,"false","14560 24251 2656","1.585","3","C5551","false","C5551"
,"0.0","0.0","0",,"false","17276 18383 9994","1.585","3","C5552","false","C5552"
,"0.0","0.0","0",,"false","12616 16266 4485","1.585","3","C5553","false","C5553"
,"0.0","0.0","0",,"false","10317 11816 2259","1.585","3","C5554","false","C5554"
,"0.0","0.0","0",,"false","17291 4017 7888","1.585","3","C5555","false","C5555"
,"0.0","0.0","0",,"false","12703 1669 5260","1.585","3","C5556","false","C5556"
,"0.0","0.0","0",,"false","5083 5084 8711","1.585","3","C5557","false","C5557"
,"0.0","0.0","0",,"false","25676 350 951","1.585","3","C5558","false","C5558"
,"0.0","0.0","0",,"false","10872 24250 2666","1.585","3","C5559","false","C5559"
,"0.0","0.0","0",,"false","10252 16820 9630","1.585","3","C5560","false","C5560"
,"0.0","0.0","0",,"false","12798 19507 3199","1.585","3","C5561","false","C5561"
,"0.0","0.0","0",,"false","17179 24816 9871","1.585","3","C5562","false","C5562"
,"0.0","0.0","0",,"false","11216 13815 19598","1.585","3","C5563","false","C5563"
,"0.0","0.0","0",,"false","11465 11577 3239","1.585","3","C5564","false","C5564"
,"0.0","0.0","0",,"false","1092 23226 3196","1.585","3","C5565","false","C5565"
,"0.0","0.0","0",,"false","20914 6008 9959","1.585","3","C5566","false","C5566"
,"0.0","0.0","0",,"false","12256 17237 5081","1.585","3","C5567","false","C5567"
,"0.0","0.0","0",,"false","12320 12321 19222","1.585","3","C5568","false","C5568"
,"0.0","0.0","0",,"false","24957 4019 5626","1.585","3","C5569","false","C5569"
,"0.0","0.0","0",,"false","1821 187 21386","1.585","3","C5570","false","C5570"
,"0.0","0.0","0",,"false","19443 23492 24708","1.585","3","C5571","false","C5571"
,"0.0","0.0","0",,"false","11197 844 890","1.585","3","C5572","false","C5572"
,"0.0","0.0","0",,"false","1916 20953 24463","1.585","3","C5573","false","C5573"
,"0.0","0.0","0",,"false","15706 20776 374","1.585","3","C5574","false","C5574"
,"0.0","0.0","0",,"false","12704 2355 7861","1.585","3","C5575","false","C5575"
,"0.0","0.0","0",,"false","19554 24878 6159","1.585","3","C5576","false","C5576"
,"0.0","0.0","0",,"false","12617 17388 6037","1.585","3","C5577","false","C5577"
,"0.0","0.0","0",,"false","13167 15485 800","1.585","3","C5578","false","C5578"
,"0.0","0.0","0",,"false","11285 12193 9618","1.585","3","C5579","false","C5579"
,"0.0","0.0","0",,"false","6229 6423 7647","1.585","3","C5580","false","C5580"
,"0.0","0.0","0",,"false","3206 6535 6579","1.585","3","C5581","false","C5581"
,"0.0","0.0","0",,"false","12290 17307 20031","1.585","3","C5582","false","C5582"
,"0.0","0.0","0",,"false","18279 6389 6914","1.585","3","C5583","false","C5583"
,"0.0","0.0","0",,"false","26022 4021 4826","1.585","3","C5584","false","C5584"
,"0.0","0.0","0",,"false","16892 19572 3062","1.585","3","C5585","false","C5585"
,"0.0","0.0","0",,"false","16124 20807 24334","1.585","3","C5586","false","C5586"
,"0.0","0.0","0",,"false","15681 20793 7482","1.585","3","C5587","false","C5587"
,"0.0","0.0","0",,"false","17461 188 22920","1.585","3","C5588","false","C5588"
,"0.0","0.0","0",,"false","10432 16891 5774","1.585","3","C5589","false","C5589"
,"0.0","0.0","0",,"false","18544 21596 2332","1.585","3","C5590","false","C5590"
,"0.0","0.0","0",,"false","15642 16783 17563","1.585","3","C5591","false","C5591"
,"0.0","0.0","0",,"false","12252 22404 9026","1.585","3","C5592","false","C5592"
,"0.0","0.0","0",,"false","15259 22000 25136","1.585","3","C5593","false","C5593"
,"0.0","0.0","0",,"false","15847 348 5660","1.585","3","C5594","false","C5594"
,"0.0","0.0","0",,"false","11969 18996 1967","1.585","3","C5595","false","C5595"
,"0.0","0.0","0",,"false","10178 24133 3744","1.585","3","C5596","false","C5596"
,"0.0","0.0","0",,"false","16802 23757 830","1.585","3","C5597","false","C5597"
,"0.0","0.0","0",,"false","1013 19011 2123","1.585","3","C5598","false","C5598"
,"0.0","0.0","0",,"false","20803 25231 6356","1.585","3","C5599","false","C5599"
,"0.0","0.0","0",,"false","1551 2328 8058","1.585","3","C5600","false","C5600"
,"0.0","0.0","0",,"false","17468 3200 4264","1.585","3","C5601","false","C5601"
,"0.0","0.0","0",,"false","10513 25059 25595","1.585","3","C5602","false","C5602"
,"0.0","0.0","0",,"false","19257 22961 7477","1.585","3","C5603","false","C5603"
,"0.0","0.0","0",,"false","12192 5839 7026","1.585","3","C5604","false","C5604"
,"0.0","0.0","0",,"false","12940 20883 787","1.585","3","C5605","false","C5605"
,"0.0","0.0","0",,"false","12676 14302 5432","1.585","3","C5606","false","C5606"
,"0.0","0.0","0",,"false","14894 1670 22927","1.585","3","C5607","false","C5607"
,"0.0","0.0","0",,"false","16957 3347 3362","1.585","3","C5608","false","C5608"
,"0.0","0.0","0",,"false","14868 16226 2201","1.585","3","C5609","false","C5609"
,"0.0","0.0","0",,"false","13677 18288 23206","1.585","3","C5610","false","C5610"
,"0.0","0.0","0",,"false","16523 17696 4110","1.585","3","C5611","false","C5611"
,"0.0","0.0","0",,"false","17346 20319 9149","1.585","3","C5612","false","C5612"
,"0.0","0.0","0",,"false","20150 22312 25226","1.585","3","C5613","false","C5613"
,"0.0","0.0","0",,"false","14842 24575 8255","1.585","3","C5614","false","C5614"
,"0.0","0.0","0",,"false","16358 822 9518","1.585","3","C5615","false","C5615"
,"0.0","0.0","0",,"false","20433 5446 5632","1.585","3","C5616","false","C5616"
,"0.0","0.0","0",,"false","10818 11016 25596","1.585","3","C5617","false","C5617"
,"0.0","0.0","0",,"false","20216 2223 4266","1.585","3","C5618","false","C5618"
,"0.0","0.0","0",,"false","16609 6170 8881","1.585","3","C5619","false","C5619"
,"0.0","0.0","0",,"false","18596 23771 4144","1.585","3","C5620","false","C5620"
,"0.0","0.0","0",,"false","15358 18036 18338","1.585","3","C5621","false","C5621"
,"0.0","0.0","0",,"false","12307 14175 22980","1.585","3","C5622","false","C5622"
,"0.0","0.0","0",,"false","13012 1983 20943","1.585","3","C5623","false","C5623"
,"0.0","0.0","0",,"false","1621 6576 7109","1.585","3","C5624","false","C5624"
,"0.0","0.0","0",,"false","13486 18688 4259","1.585","3","C5625","false","C5625"
,"0.0","0.0","0",,"false","1798 4828 5404","1.585","3","C5626","false","C5626"
,"0.0","0.0","0",,"false","19466 24128 7543","1.585","3","C5627","false","C5627"
,"0.0","0.0","0",,"false","1051 25664 4245","1.585","3","C5628","false","C5628"
,"0.0","0.0","0",,"false","11054 8395 8725","1.585","3","C5629","false","C5629"
,"0.0","0.0","0",,"false","13415 15386 7585","1.585","3","C5630","false","C5630"
,"0.0","0.0","0",,"false","16129 2298 74","1.585","3","C5631","false","C5631"
,"0.0","0.0","0",,"false","1969 24141 8472","1.585","3","C5632","false","C5632"
,"0.0","0.0","0",,"false","16971 20170 5228","1.585","3","C5633","false","C5633"
,"0.0","0.0","0",,"false","14339 18608 22816","1.585","3","C5634","false","C5634"
,"0.0","0.0","0",,"false","20309 7267 7280","1.585","3","C5635","false","C5635"
,"0.0","0.0","0",,"false","11893 25667 8891","1.585","3","C5636","false","C5636"
,"0.0","0.0","0",,"false","10180 17587 2334","1.585","3","C5637","false","C5637"
,"0.0","0.0","0",,"false","19502 23970 7718","1.585","3","C5638","false","C5638"
,"0.0","0.0","0",,"false","23811 4038 7058","1.585","3","C5639","false","C5639"
,"0.0","0.0","0",,"false","12338 15800 1878","1.585","3","C5640","false","C5640"
,"0.0","0.0","0",,"false","22827 5256 5257","1.585","3","C5641","false","C5641"
,"0.0","0.0","0",,"false","14845 19521 5232","1.585","3","C5642","false","C5642"
,"0.0","0.0","0",,"false","16470 17822","1.0","2","C5643","false","C5643"
,"0.0","0.0","0",,"false","11612 24944","1.0","2","C5644","false","C5644"
,"0.0","0.0","0",,"false","2120 8157","1.0","2","C5645","false","C5645"
,"0.0","0.0","0",,"false","19052 7713","1.0","2","C5646","false","C5646"
,"0.0","0.0","0",,"false","16484 8302","1.0","2","C5647","false","C5647"
,"0.0","0.0","0",,"false","23776 8708","1.0","2","C5648","false","C5648"
,"0.0","0.0","0",,"false","13621 25388","1.0","2","C5649","false","C5649"
,"0.0","0.0","0",,"false","2004 21191","1.0","2","C5650","false","C5650"
,"0.0","0.0","0",,"false","6072 8887","1.0","2","C5651","false","C5651"
,"0.0","0.0","0",,"false","4254 9337","1.0","2","C5652","false","C5652"
,"0.0","0.0","0",,"false","15249 15624","1.0","2","C5653","false","C5653"
,"0.0","0.0","0",,"false","1194 21858","1.0","2","C5654","false","C5654"
,"0.0","0.0","0",,"false","10676 24961","1.0","2","C5655","false","C5655"
,"0.0","0.0","0",,"false","2569 5546","1.0","2","C5656","false","C5656"
,"0.0","0.0","0",,"false","19061 9094","1.0","2","C5657","false","C5657"
,"0.0","0.0","0",,"false","2119 7637","1.0","2","C5658","false","C5658"
,"0.0","0.0","0",,"false","1490 20813","1.0","2","C5659","false","C5659"
,"0.0","0.0","0",,"false","2339 24594","1.0","2","C5660","false","C5660"
,"0.0","0.0","0",,"false","15824 22283","1.0","2","C5661","false","C5661"
,"0.0","0.0","0",,"false","294 8626","1.0","2","C5662","false","C5662"
,"0.0","0.0","0",,"false","11459 6706","1.0","2","C5663","false","C5663"
,"0.0","0.0","0",,"false","13675 4186","1.0","2","C5664","false","C5664"
,"0.0","0.0","0",,"false","1346 6448","1.0","2","C5665","false","C5665"
,"0.0","0.0","0",,"false","1050 17120","1.0","2","C5666","false","C5666"
,"0.0","0.0","0",,"false","6744 9595","1.0","2","C5667","false","C5667"
,"0.0","0.0","0",,"false","12161 19162","1.0","2","C5668","false","C5668"
,"0.0","0.0","0",,"false","14771 24127","1.0","2","C5669","false","C5669"
,"0.0","0.0","0",,"false","23465 598","1.0","2","C5670","false","C5670"
,"0.0","0.0","0",,"false","16281 24728","1.0","2","C5671","false","C5671"
,"0.0","0.0","0",,"false","22378 2762","1.0","2","C5672","false","C5672"
,"0.0","0.0","0",,"false","15387 15388","1.0","2","C5673","false","C5673"
,"0.0","0.0","0",,"false","8615 925","1.0","2","C5674","false","C5674"
,"0.0","0.0","0",,"false","10433 2593","1.0","2","C5675","false","C5675"
,"0.0","0.0","0",,"false","23480 23652","1.0","2","C5676","false","C5676"
,"0.0","0.0","0",,"false","11462 17141","1.0","2","C5677","false","C5677"
,"0.0","0.0","0",,"false","17690 5814","1.0","2","C5678","false","C5678"
,"0.0","0.0","0",,"false","15188 6354","1.0","2","C5679","false","C5679"
,"0.0","0.0","0",,"false","1107 6973","1.0","2","C5680","false","C5680"
,"0.0","0.0","0",,"false","18984 2476","1.0","2","C5681","false","C5681"
,"0.0","0.0","0",,"false","10133 18218","1.0","2","C5682","false","C5682"
,"0.0","0.0","0",,"false","18721 3067","1.0","2","C5683","false","C5683"
,"0.0","0.0","0",,"false","19252 3195","1.0","2","C5684","false","C5684"
,"0.0","0.0","0",,"false","194 8628","1.0","2","C5685","false","C5685"
,"0.0","0.0","0",,"false","21028 8146","1.0","2","C5686","false","C5686"
,"0.0","0.0","0",,"false","10897 5548","1.0","2","C5687","false","C5687"
,"0.0","0.0","0",,"false","23881 5577","1.0","2","C5688","false","C5688"
,"0.0","0.0","0",,"false","18098 3100","1.0","2","C5689","false","C5689"
,"0.0","0.0","0",,"false","1695 19380","1.0","2","C5690","false","C5690"
,"0.0","0.0","0",,"false","23416 3074","1.0","2","C5691","false","C5691"
,"0.0","0.0","0",,"false","19911 25487","1.0","2","C5692","false","C5692"
,"0.0","0.0","0",,"false","10148 10847","1.0","2","C5693","false","C5693"
,"0.0","0.0","0",,"false","25853 8404","1.0","2","C5694","false","C5694"
,"0.0","0.0","0",,"false","22891 25","1.0","2","C5695","false","C5695"
,"0.0","0.0","0",,"false","10559 18245","1.0","2","C5696","false","C5696"
,"0.0","0.0","0",,"false","10002 7468","1.0","2","C5697","false","C5697"
,"0.0","0.0","0",,"false","12041 14384","1.0","2","C5698","false","C5698"
,"0.0","0.0","0",,"false","17951 833","1.0","2","C5699","false","C5699"
,"0.0","0.0","0",,"false","6161 7055","1.0","2","C5700","false","C5700"
,"0.0","0.0","0",,"false","13022 8077","1.0","2","C5701","false","C5701"
,"0.0","0.0","0",,"false","2117 6300","1.0","2","C5702","false","C5702"
,"0.0","0.0","0",,"false","15609 21809","1.0","2","C5703","false","C5703"
,"0.0","0.0","0",,"false","21018 5479","1.0","2","C5704","false","C5704"
,"0.0","0.0","0",,"false","15218 17585","1.0","2","C5705","false","C5705"
,"0.0","0.0","0",,"false","18895 7957","1.0","2","C5706","false","C5706"
,"0.0","0.0","0",,"false","15181 2331","1.0","2","C5707","false","C5707"
,"0.0","0.0","0",,"false","21579 373","1.0","2","C5708","false","C5708"
,"0.0","0.0","0",,"false","10356 19062","1.0","2","C5709","false","C5709"
,"0.0","0.0","0",,"false","11828 7807","1.0","2","C5710","false","C5710"
,"0.0","0.0","0",,"false","24202 2624","1.0","2","C5711","false","C5711"
,"0.0","0.0","0",,"false","15572 7356","1.0","2","C5712","false","C5712"
,"0.0","0.0","0",,"false","22021 8811","1.0","2","C5713","false","C5713"
,"0.0","0.0","0",,"false","7534 7536","1.0","2","C5714","false","C5714"
,"0.0","0.0","0",,"false","1344 18126","1.0","2","C5715","false","C5715"
,"0.0","0.0","0",,"false","1376 4267","1.0","2","C5716","false","C5716"
,"0.0","0.0","0",,"false","15712 19596","1.0","2","C5717","false","C5717"
,"0.0","0.0","0",,"false","17471 3989","1.0","2","C5718","false","C5718"
,"0.0","0.0","0",,"false","12504 9053","1.0","2","C5719","false","C5719"
,"0.0","0.0","0",,"false","1589 7603","1.0","2","C5720","false","C5720"
,"0.0","0.0","0",,"false","15208 23759","1.0","2","C5721","false","C5721"
,"0.0","0.0","0",,"false","10517 5119","1.0","2","C5722","false","C5722"
,"0.0","0.0","0",,"false","6446 8036","1.0","2","C5723","false","C5723"
,"0.0","0.0","0",,"false","5137 6884","1.0","2","C5724","false","C5724"
,"0.0","0.0","0",,"false","24464 8336","1.0","2","C5725","false","C5725"
,"0.0","0.0","0",,"false","25510 3279","1.0","2","C5726","false","C5726"
,"0.0","0.0","0",,"false","19906 26102","1.0","2","C5727","false","C5727"
,"0.0","0.0","0",,"false","19941 6079","1.0","2","C5728","false","C5728"
,"0.0","0.0","0",,"false","16338 21390","1.0","2","C5729","false","C5729"
,"0.0","0.0","0",,"false","3844 82","1.0","2","C5730","false","C5730"
,"0.0","0.0","0",,"false","15688 22692","1.0","2","C5731","false","C5731"
,"0.0","0.0","0",,"false","4954 4955","1.0","2","C5732","false","C5732"
,"0.0","0.0","0",,"false","5409 8623","1.0","2","C5733","false","C5733"
,"0.0","0.0","0",,"false","2557 4272","1.0","2","C5734","false","C5734"
,"0.0","0.0","0",,"false","2981 4427","1.0","2","C5735","false","C5735"
,"0.0","0.0","0",,"false","6669 9865","1.0","2","C5736","false","C5736"
,"0.0","0.0","0",,"false","7588 7590","1.0","2","C5737","false","C5737"
,"0.0","0.0","0",,"false","14130 3599","1.0","2","C5738","false","C5738"
,"0.0","0.0","0",,"false","18581 2938","1.0","2","C5739","false","C5739"
,"0.0","0.0","0",,"false","21593 22325","1.0","2","C5740","false","C5740"
,"0.0","0.0","0",,"false","1187 6290","1.0","2","C5741","false","C5741"
,"0.0","0.0","0",,"false","15423 18144","1.0","2","C5742","false","C5742"
,"0.0","0.0","0",,"false","254 7572","1.0","2","C5743","false","C5743"
,"0.0","0.0","0",,"false","11623 23621","1.0","2","C5744","false","C5744"
,"0.0","0.0","0",,"false","11971 25211","1.0","2","C5745","false","C5745"
,"0.0","0.0","0",,"false","12554 7636","1.0","2","C5746","false","C5746"
,"0.0","0.0","0",,"false","18183 4278","1.0","2","C5747","false","C5747"
,"0.0","0.0","0",,"false","10522 10561","1.0","2","C5748","false","C5748"
,"0.0","0.0","0",,"false","12863 18390","1.0","2","C5749","false","C5749"
,"0.0","0.0","0",,"false","1836 8400","1.0","2","C5750","false","C5750"
,"0.0","0.0","0",,"false","24504 8054","1.0","2","C5751","false","C5751"
,"0.0","0.0","0",,"false","21623 22605","1.0","2","C5752","false","C5752"
,"0.0","0.0","0",,"false","10382 25482","1.0","2","C5753","false","C5753"
,"0.0","0.0","0",,"false","16643 20035","1.0","2","C5754","false","C5754"
,"0.0","0.0","0",,"false","14131 372","1.0","2","C5755","false","C5755"
,"0.0","0.0","0",,"false","25062 8735","1.0","2","C5756","false","C5756"
,"0.0","0.0","0",,"false","11911 9039","1.0","2","C5757","false","C5757"
,"0.0","0.0","0",,"false","21303 734","1.0","2","C5758","false","C5758"
,"0.0","0.0","0",,"false","17470 19221","1.0","2","C5759","false","C5759"
,"0.0","0.0","0",,"false","18194 21949","1.0","2","C5760","false","C5760"
,"0.0","0.0","0",,"false","14358 5697","1.0","2","C5761","false","C5761"
,"0.0","0.0","0",,"false","13717 8558","1.0","2","C5762","false","C5762"
,"0.0","0.0","0",,"false","8534 8676","1.0","2","C5763","false","C5763"
,"0.0","0.0","0",,"false","16622 18454","1.0","2","C5764","false","C5764"
,"0.0","0.0","0",,"false","16312 16314","1.0","2","C5765","false","C5765"
,"0.0","0.0","0",,"false","11991 3186","1.0","2","C5766","false","C5766"
,"0.0","0.0","0",,"false","14182 17537","1.0","2","C5767","false","C5767"
,"0.0","0.0","0",,"false","18156 5387","1.0","2","C5768","false","C5768"
,"0.0","0.0","0",,"false","19145 23760","1.0","2","C5769","false","C5769"
,"0.0","0.0","0",,"false","22110 5231","1.0","2","C5770","false","C5770"
,"0.0","0.0","0",,"false","20084 22311","1.0","2","C5771","false","C5771"
,"0.0","0.0","0",,"false","12751 6307","1.0","2","C5772","false","C5772"
,"0.0","0.0","0",,"false","11280 831","1.0","2","C5773","false","C5773"
,"0.0","0.0","0",,"false","14132 15154","1.0","2","C5774","false","C5774"
,"0.0","0.0","0",,"false","11641 24462","1.0","2","C5775","false","C5775"
,"0.0","0.0","0",,"false","14338 22729","1.0","2","C5776","false","C5776"
,"0.0","0.0","0",,"false","11411 24242","1.0","2","C5777","false","C5777"
,"0.0","0.0","0",,"false","5492 5853","1.0","2","C5778","false","C5778"
,"0.0","0.0","0",,"false","12473 9831","1.0","2","C5779","false","C5779"
,"0.0","0.0","0",,"false","18388 20654","1.0","2","C5780","false","C5780"
,"0.0","0.0","0",,"false","15401 4196","1.0","2","C5781","false","C5781"
,"0.0","0.0","0",,"false","15962 25447","1.0","2","C5782","false","C5782"
,"0.0","0.0","0",,"false","18417 19892","1.0","2","C5783","false","C5783"
,"0.0","0.0","0",,"false","20320 4643","1.0","2","C5784","false","C5784"
,"0.0","0.0","0",,"false","14990 25975","1.0","2","C5785","false","C5785"
,"0.0","0.0","0",,"false","14763 4432","1.0","2","C5786","false","C5786"
,"0.0","0.0","0",,"false","11718 20766","1.0","2","C5787","false","C5787"
,"0.0","0.0","0",,"false","15374 15553","1.0","2","C5788","false","C5788"
,"0.0","0.0","0",,"false","5490 8474","1.0","2","C5789","false","C5789"
,"0.0","0.0","0",,"false","1976 23672","1.0","2","C5790","false","C5790"
,"0.0","0.0","0",,"false","12248 98","1.0","2","C5791","false","C5791"
,"0.0","0.0","0",,"false","17992 4181","1.0","2","C5792","false","C5792"
,"0.0","0.0","0",,"false","2248 8409","1.0","2","C5793","false","C5793"
,"0.0","0.0","0",,"false","11579 15073","1.0","2","C5794","false","C5794"
,"0.0","0.0","0",,"false","16922 20925","1.0","2","C5795","false","C5795"
,"0.0","0.0","0",,"false","23772 735","1.0","2","C5796","false","C5796"
,"0.0","0.0","0",,"false","10638 8717","1.0","2","C5797","false","C5797"
,"0.0","0.0","0",,"false","23094 2561","1.0","2","C5798","false","C5798"
,"0.0","0.0","0",,"false","24733 6776","1.0","2","C5799","false","C5799"
,"0.0","0.0","0",,"false","11215 23156","1.0","2","C5800","false","C5800"
,"0.0","0.0","0",,"false","17503 3748","1.0","2","C5801","false","C5801"
,"0.0","0.0","0",,"false","10602 20805","1.0","2","C5802","false","C5802"
,"0.0","0.0","0",,"false","11467 19575","1.0","2","C5803","false","C5803"
,"0.0","0.0","0",,"false","25095 9130","1.0","2","C5804","false","C5804"
,"0.0","0.0","0",,"false","1010 2749","1.0","2","C5805","false","C5805"
,"0.0","0.0","0",,"false","11642 25230","1.0","2","C5806","false","C5806"
,"0.0","0.0","0",,"false","16015 22938","1.0","2","C5807","false","C5807"
,"0.0","0.0","0",,"false","20333 4262","1.0","2","C5808","false","C5808"
,"0.0","0.0","0",,"false","10407 6701","1.0","2","C5809","false","C5809"
,"0.0","0.0","0",,"false","22435 5406","1.0","2","C5810","false","C5810"
,"0.0","0.0","0",,"false","410 4366","1.0","2","C5811","false","C5811"
,"0.0","0.0","0",,"false","13413 9211","1.0","2","C5812","false","C5812"
,"0.0","0.0","0",,"false","19473 23812","1.0","2","C5813","false","C5813"
,"0.0","0.0","0",,"false","24214 4116","1.0","2","C5814","false","C5814"
,"0.0","0.0","0",,"false","20707 24820","1.0","2","C5815","false","C5815"
,"0.0","0.0","0",,"false","5486 8366","1.0","2","C5816","false","C5816"
,"0.0","0.0","0",,"false","5261 6282","1.0","2","C5817","false","C5817"
,"0.0","0.0","0",,"false","18908 25531","1.0","2","C5818","false","C5818"
,"0.0","0.0","0",,"false","12050 5364","1.0","2","C5819","false","C5819"
,"0.0","0.0","0",,"false","14 14171","1.0","2","C5820","false","C5820"
